event_date,vehicle_id,depot_id,depot_name,model,registered_vehicle,reading_count,first_reading,last_reading,distance_status,observed_distance_km,temperature_c,precipitation_mm,weather_condition
2026-08-01,EV001,CHI,Chicago,Model A,True,6,2026-08-01T08:00:00Z,2026-08-01T18:00:00Z,trusted,47.11,21.4,82.5,Wet
2026-08-01,EV002,CHI,Chicago,Model B,True,6,2026-08-01T08:00:00Z,2026-08-01T18:00:00Z,trusted,37.68,21.4,82.5,Wet
2026-08-01,EV003,CHI,Chicago,Model A,True,6,2026-08-01T08:00:00Z,2026-08-01T18:00:00Z,trusted,0.0,21.4,82.5,Wet
2026-08-01,EV004,CHI,Chicago,Model B,True,6,2026-08-01T08:00:00Z,2026-08-01T18:00:00Z,trusted,0.0,21.4,82.5,Wet
2026-08-01,EV005,CHI,Chicago,Model A,True,6,2026-08-01T08:00:00Z,2026-08-01T18:00:00Z,trusted,50.39,21.4,82.5,Wet
2026-08-01,EV006,CHI,Chicago,Model B,True,6,2026-08-01T08:00:00Z,2026-08-01T18:00:00Z,trusted,54.83,21.4,82.5,Wet
2026-08-01,EV007,CHI,Chicago,Model A,True,6,2026-08-01T08:00:00Z,2026-08-01T18:00:00Z,trusted,0.0,21.4,82.5,Wet
2026-08-01,EV008,CHI,Chicago,Model B,True,6,2026-08-01T08:00:00Z,2026-08-01T18:00:00Z,trusted,0.0,21.4,82.5,Wet
2026-08-01,EV009,CHI,Chicago,Model A,True,6,2026-08-01T08:00:00Z,2026-08-01T18:00:00Z,trusted,71.1,21.4,82.5,Wet
2026-08-01,EV010,CHI,Chicago,Model B,True,6,2026-08-01T08:00:00Z,2026-08-01T18:00:00Z,trusted,68.15,21.4,82.5,Wet
2026-08-01,EV011,CHI,Chicago,Model A,True,6,2026-08-01T08:00:00Z,2026-08-01T18:00:00Z,trusted,32.26,21.4,82.5,Wet
2026-08-01,EV012,CHI,Chicago,Model B,True,6,2026-08-01T08:00:00Z,2026-08-01T18:00:00Z,trusted,0.0,21.4,82.5,Wet
2026-08-01,EV013,DAL,Dallas,Model A,True,6,2026-08-01T08:00:00Z,2026-08-01T18:00:00Z,trusted,45.86,34.0,0.0,Dry
2026-08-01,EV014,DAL,Dallas,Model B,True,6,2026-08-01T08:00:00Z,2026-08-01T18:00:00Z,trusted,52.49,34.0,0.0,Dry
2026-08-01,EV015,DAL,Dallas,Model A,True,6,2026-08-01T08:00:00Z,2026-08-01T18:00:00Z,trusted,72.0,34.0,0.0,Dry
2026-08-01,EV016,DAL,Dallas,Model B,True,6,2026-08-01T08:00:00Z,2026-08-01T18:00:00Z,trusted,34.77,34.0,0.0,Dry
2026-08-01,EV017,DAL,Dallas,Model A,True,6,2026-08-01T08:00:00Z,2026-08-01T18:00:00Z,trusted,64.19,34.0,0.0,Dry
2026-08-01,EV018,DAL,Dallas,Model B,True,6,2026-08-01T08:00:00Z,2026-08-01T18:00:00Z,trusted,46.88,34.0,0.0,Dry
2026-08-01,EV019,DAL,Dallas,Model A,True,6,2026-08-01T08:00:00Z,2026-08-01T18:00:00Z,trusted,51.03,34.0,0.0,Dry
2026-08-01,EV020,DAL,Dallas,Model B,True,6,2026-08-01T08:00:00Z,2026-08-01T18:00:00Z,trusted,0.0,34.0,0.0,Dry
2026-08-01,EV021,DAL,Dallas,Model A,True,6,2026-08-01T08:00:00Z,2026-08-01T18:00:00Z,trusted,0.0,34.0,0.0,Dry
2026-08-01,EV022,DAL,Dallas,Model B,True,6,2026-08-01T08:00:00Z,2026-08-01T18:00:00Z,trusted,57.18,34.0,0.0,Dry
2026-08-01,EV023,DAL,Dallas,Model A,True,6,2026-08-01T08:00:00Z,2026-08-01T18:00:00Z,trusted,65.44,34.0,0.0,Dry
2026-08-01,EV024,DAL,Dallas,Model B,True,6,2026-08-01T08:00:00Z,2026-08-01T18:00:00Z,trusted,46.71,34.0,0.0,Dry
2026-08-01,UNKNOWN,UNASSIGNED,Unknown depot,Unknown model,False,2,2026-08-01T08:00:00Z,2026-08-01T10:00:00Z,trusted,10.0,,,Unknown
2026-08-02,EV001,CHI,Chicago,Model A,True,6,2026-08-02T08:00:00Z,2026-08-02T18:00:00Z,trusted,58.24,20.8,3.5,Wet
2026-08-02,EV002,CHI,Chicago,Model B,True,6,2026-08-02T08:00:00Z,2026-08-02T18:00:00Z,trusted,54.46,20.8,3.5,Wet
2026-08-02,EV003,CHI,Chicago,Model A,True,6,2026-08-02T08:00:00Z,2026-08-02T18:00:00Z,trusted,43.14,20.8,3.5,Wet
2026-08-02,EV004,CHI,Chicago,Model B,True,6,2026-08-02T08:00:00Z,2026-08-02T18:00:00Z,trusted,61.35,20.8,3.5,Wet
2026-08-02,EV005,CHI,Chicago,Model A,True,6,2026-08-02T08:00:00Z,2026-08-02T18:00:00Z,trusted,50.34,20.8,3.5,Wet
2026-08-02,EV006,CHI,Chicago,Model B,True,6,2026-08-02T08:00:00Z,2026-08-02T18:00:00Z,trusted,0.0,20.8,3.5,Wet
2026-08-02,EV007,CHI,Chicago,Model A,True,6,2026-08-02T08:00:00Z,2026-08-02T18:00:00Z,trusted,52.51,20.8,3.5,Wet
2026-08-02,EV008,CHI,Chicago,Model B,True,6,2026-08-02T08:00:00Z,2026-08-02T18:00:00Z,trusted,60.43,20.8,3.5,Wet
2026-08-02,EV009,CHI,Chicago,Model A,True,6,2026-08-02T08:00:00Z,2026-08-02T18:00:00Z,trusted,45.05,20.8,3.5,Wet
2026-08-02,EV010,CHI,Chicago,Model B,True,6,2026-08-02T08:00:00Z,2026-08-02T18:00:00Z,trusted,48.79,20.8,3.5,Wet
2026-08-02,EV011,CHI,Chicago,Model A,True,6,2026-08-02T08:00:00Z,2026-08-02T18:00:00Z,trusted,38.54,20.8,3.5,Wet
2026-08-02,EV012,CHI,Chicago,Model B,True,6,2026-08-02T08:00:00Z,2026-08-02T18:00:00Z,trusted,59.57,20.8,3.5,Wet
2026-08-02,EV013,DAL,Dallas,Model A,True,6,2026-08-02T08:00:00Z,2026-08-02T18:00:00Z,trusted,0.0,31.0,0.0,Dry
2026-08-02,EV014,DAL,Dallas,Model B,True,6,2026-08-02T08:00:00Z,2026-08-02T18:00:00Z,trusted,65.88,31.0,0.0,Dry
2026-08-02,EV015,DAL,Dallas,Model A,True,6,2026-08-02T08:00:00Z,2026-08-02T18:00:00Z,trusted,0.0,31.0,0.0,Dry
2026-08-02,EV016,DAL,Dallas,Model B,True,6,2026-08-02T08:00:00Z,2026-08-02T18:00:00Z,trusted,49.24,31.0,0.0,Dry
2026-08-02,EV017,DAL,Dallas,Model A,True,6,2026-08-02T08:00:00Z,2026-08-02T18:00:00Z,trusted,58.59,31.0,0.0,Dry
2026-08-02,EV018,DAL,Dallas,Model B,True,6,2026-08-02T08:00:00Z,2026-08-02T18:00:00Z,trusted,72.94,31.0,0.0,Dry
2026-08-02,EV019,DAL,Dallas,Model A,True,6,2026-08-02T08:00:00Z,2026-08-02T18:00:00Z,trusted,38.56,31.0,0.0,Dry
2026-08-02,EV020,DAL,Dallas,Model B,True,6,2026-08-02T08:00:00Z,2026-08-02T18:00:00Z,trusted,60.78,31.0,0.0,Dry
2026-08-02,EV021,DAL,Dallas,Model A,True,6,2026-08-02T08:00:00Z,2026-08-02T18:00:00Z,trusted,58.1,31.0,0.0,Dry
2026-08-02,EV022,DAL,Dallas,Model B,True,6,2026-08-02T08:00:00Z,2026-08-02T18:00:00Z,trusted,55.15,31.0,0.0,Dry
2026-08-02,EV023,DAL,Dallas,Model A,True,6,2026-08-02T08:00:00Z,2026-08-02T18:00:00Z,trusted,51.32,31.0,0.0,Dry
2026-08-02,EV024,DAL,Dallas,Model B,True,6,2026-08-02T08:00:00Z,2026-08-02T18:00:00Z,trusted,50.33,31.0,0.0,Dry
2026-08-03,EV001,CHI,Chicago,Model A,True,6,2026-08-03T08:00:00Z,2026-08-03T18:00:00Z,trusted,63.11,21.8,0.0,Dry
2026-08-03,EV002,CHI,Chicago,Model B,True,5,2026-08-03T08:00:00Z,2026-08-03T18:00:00Z,untrusted,,21.8,0.0,Dry
2026-08-03,EV003,CHI,Chicago,Model A,True,6,2026-08-03T08:00:00Z,2026-08-03T18:00:00Z,trusted,65.89,21.8,0.0,Dry
2026-08-03,EV004,CHI,Chicago,Model B,True,6,2026-08-03T08:00:00Z,2026-08-03T18:00:00Z,trusted,0.0,21.8,0.0,Dry
2026-08-03,EV005,CHI,Chicago,Model A,True,6,2026-08-03T08:00:00Z,2026-08-03T18:00:00Z,trusted,66.59,21.8,0.0,Dry
2026-08-03,EV006,CHI,Chicago,Model B,True,6,2026-08-03T08:00:00Z,2026-08-03T18:00:00Z,trusted,0.0,21.8,0.0,Dry
2026-08-03,EV007,CHI,Chicago,Model A,True,6,2026-08-03T08:00:00Z,2026-08-03T18:00:00Z,trusted,61.5,21.8,0.0,Dry
2026-08-03,EV008,CHI,Chicago,Model B,True,6,2026-08-03T08:00:00Z,2026-08-03T18:00:00Z,trusted,50.12,21.8,0.0,Dry
2026-08-03,EV009,CHI,Chicago,Model A,True,6,2026-08-03T08:00:00Z,2026-08-03T18:00:00Z,trusted,0.0,21.8,0.0,Dry
2026-08-03,EV010,CHI,Chicago,Model B,True,6,2026-08-03T08:00:00Z,2026-08-03T18:00:00Z,trusted,54.06,21.8,0.0,Dry
2026-08-03,EV011,CHI,Chicago,Model A,True,6,2026-08-03T08:00:00Z,2026-08-03T18:00:00Z,trusted,58.58,21.8,0.0,Dry
2026-08-03,EV012,CHI,Chicago,Model B,True,6,2026-08-03T08:00:00Z,2026-08-03T18:00:00Z,trusted,53.81,21.8,0.0,Dry
2026-08-03,EV013,DAL,Dallas,Model A,True,6,2026-08-03T08:00:00Z,2026-08-03T18:00:00Z,trusted,52.2,31.7,0.0,Dry
2026-08-03,EV014,DAL,Dallas,Model B,True,6,2026-08-03T08:00:00Z,2026-08-03T18:00:00Z,trusted,48.02,31.7,0.0,Dry
2026-08-03,EV015,DAL,Dallas,Model A,True,6,2026-08-03T08:00:00Z,2026-08-03T18:00:00Z,trusted,62.21,31.7,0.0,Dry
2026-08-03,EV016,DAL,Dallas,Model B,True,6,2026-08-03T08:00:00Z,2026-08-03T18:00:00Z,trusted,0.0,31.7,0.0,Dry
2026-08-03,EV017,DAL,Dallas,Model A,True,6,2026-08-03T08:00:00Z,2026-08-03T18:00:00Z,trusted,61.94,31.7,0.0,Dry
2026-08-03,EV018,DAL,Dallas,Model B,True,6,2026-08-03T08:00:00Z,2026-08-03T18:00:00Z,trusted,68.02,31.7,0.0,Dry
2026-08-03,EV019,DAL,Dallas,Model A,True,6,2026-08-03T08:00:00Z,2026-08-03T18:00:00Z,trusted,71.44,31.7,0.0,Dry
2026-08-03,EV020,DAL,Dallas,Model B,True,6,2026-08-03T08:00:00Z,2026-08-03T18:00:00Z,trusted,60.29,31.7,0.0,Dry
2026-08-03,EV021,DAL,Dallas,Model A,True,6,2026-08-03T08:00:00Z,2026-08-03T18:00:00Z,trusted,41.62,31.7,0.0,Dry
2026-08-03,EV022,DAL,Dallas,Model B,True,6,2026-08-03T08:00:00Z,2026-08-03T18:00:00Z,trusted,64.12,31.7,0.0,Dry
2026-08-03,EV023,DAL,Dallas,Model A,True,6,2026-08-03T08:00:00Z,2026-08-03T18:00:00Z,trusted,58.35,31.7,0.0,Dry
2026-08-03,EV024,DAL,Dallas,Model B,True,6,2026-08-03T08:00:00Z,2026-08-03T18:00:00Z,trusted,45.91,31.7,0.0,Dry
2026-08-04,EV001,CHI,Chicago,Model A,True,6,2026-08-04T08:00:00Z,2026-08-04T18:00:00Z,trusted,54.12,24.0,0.0,Dry
2026-08-04,EV002,CHI,Chicago,Model B,True,6,2026-08-04T08:00:00Z,2026-08-04T18:00:00Z,trusted,0.0,24.0,0.0,Dry
2026-08-04,EV003,CHI,Chicago,Model A,True,6,2026-08-04T08:00:00Z,2026-08-04T18:00:00Z,untrusted,,24.0,0.0,Dry
2026-08-04,EV004,CHI,Chicago,Model B,True,6,2026-08-04T08:00:00Z,2026-08-04T18:00:00Z,trusted,0.0,24.0,0.0,Dry
2026-08-04,EV005,CHI,Chicago,Model A,True,6,2026-08-04T08:00:00Z,2026-08-04T18:00:00Z,trusted,55.17,24.0,0.0,Dry
2026-08-04,EV006,CHI,Chicago,Model B,True,6,2026-08-04T08:00:00Z,2026-08-04T18:00:00Z,trusted,43.16,24.0,0.0,Dry
2026-08-04,EV007,CHI,Chicago,Model A,True,6,2026-08-04T08:00:00Z,2026-08-04T18:00:00Z,trusted,62.62,24.0,0.0,Dry
2026-08-04,EV008,CHI,Chicago,Model B,True,6,2026-08-04T08:00:00Z,2026-08-04T18:00:00Z,trusted,0.0,24.0,0.0,Dry
2026-08-04,EV009,CHI,Chicago,Model A,True,6,2026-08-04T08:00:00Z,2026-08-04T18:00:00Z,trusted,56.01,24.0,0.0,Dry
2026-08-04,EV010,CHI,Chicago,Model B,True,6,2026-08-04T08:00:00Z,2026-08-04T18:00:00Z,trusted,53.94,24.0,0.0,Dry
2026-08-04,EV011,CHI,Chicago,Model A,True,6,2026-08-04T08:00:00Z,2026-08-04T18:00:00Z,trusted,64.95,24.0,0.0,Dry
2026-08-04,EV012,CHI,Chicago,Model B,True,6,2026-08-04T08:00:00Z,2026-08-04T18:00:00Z,trusted,45.1,24.0,0.0,Dry
2026-08-04,EV013,DAL,Dallas,Model A,True,6,2026-08-04T08:00:00Z,2026-08-04T18:00:00Z,trusted,0.0,33.1,0.0,Dry
2026-08-04,EV014,DAL,Dallas,Model B,True,6,2026-08-04T08:00:00Z,2026-08-04T18:00:00Z,trusted,51.62,33.1,0.0,Dry
2026-08-04,EV015,DAL,Dallas,Model A,True,6,2026-08-04T08:00:00Z,2026-08-04T18:00:00Z,trusted,48.82,33.1,0.0,Dry
2026-08-04,EV016,DAL,Dallas,Model B,True,6,2026-08-04T08:00:00Z,2026-08-04T18:00:00Z,trusted,0.0,33.1,0.0,Dry
2026-08-04,EV017,DAL,Dallas,Model A,True,6,2026-08-04T08:00:00Z,2026-08-04T18:00:00Z,trusted,49.71,33.1,0.0,Dry
2026-08-04,EV018,DAL,Dallas,Model B,True,6,2026-08-04T08:00:00Z,2026-08-04T18:00:00Z,trusted,77.29,33.1,0.0,Dry
2026-08-04,EV019,DAL,Dallas,Model A,True,6,2026-08-04T08:00:00Z,2026-08-04T18:00:00Z,trusted,69.0,33.1,0.0,Dry
2026-08-04,EV020,DAL,Dallas,Model B,True,6,2026-08-04T08:00:00Z,2026-08-04T18:00:00Z,trusted,53.38,33.1,0.0,Dry
2026-08-04,EV021,DAL,Dallas,Model A,True,6,2026-08-04T08:00:00Z,2026-08-04T18:00:00Z,trusted,41.51,33.1,0.0,Dry
2026-08-04,EV022,DAL,Dallas,Model B,True,6,2026-08-04T08:00:00Z,2026-08-04T18:00:00Z,trusted,52.34,33.1,0.0,Dry
2026-08-04,EV023,DAL,Dallas,Model A,True,6,2026-08-04T08:00:00Z,2026-08-04T18:00:00Z,trusted,0.0,33.1,0.0,Dry
2026-08-04,EV024,DAL,Dallas,Model B,True,6,2026-08-04T08:00:00Z,2026-08-04T18:00:00Z,trusted,54.87,33.1,0.0,Dry
2026-08-05,EV001,CHI,Chicago,Model A,True,6,2026-08-05T08:00:00Z,2026-08-05T18:00:00Z,trusted,57.85,24.1,8.5,Wet
2026-08-05,EV002,CHI,Chicago,Model B,True,6,2026-08-05T08:00:00Z,2026-08-05T18:00:00Z,trusted,72.18,24.1,8.5,Wet
2026-08-05,EV003,CHI,Chicago,Model A,True,6,2026-08-05T08:00:00Z,2026-08-05T18:00:00Z,trusted,41.11,24.1,8.5,Wet
2026-08-05,EV004,CHI,Chicago,Model B,True,5,2026-08-05T08:00:00Z,2026-08-05T18:00:00Z,untrusted,,24.1,8.5,Wet
2026-08-05,EV005,CHI,Chicago,Model A,True,6,2026-08-05T08:00:00Z,2026-08-05T18:00:00Z,trusted,43.18,24.1,8.5,Wet
2026-08-05,EV006,CHI,Chicago,Model B,True,6,2026-08-05T08:00:00Z,2026-08-05T18:00:00Z,trusted,0.0,24.1,8.5,Wet
2026-08-05,EV007,CHI,Chicago,Model A,True,6,2026-08-05T08:00:00Z,2026-08-05T18:00:00Z,trusted,44.21,24.1,8.5,Wet
2026-08-05,EV008,CHI,Chicago,Model B,True,6,2026-08-05T08:00:00Z,2026-08-05T18:00:00Z,trusted,47.12,24.1,8.5,Wet
2026-08-05,EV009,CHI,Chicago,Model A,True,6,2026-08-05T08:00:00Z,2026-08-05T18:00:00Z,trusted,68.06,24.1,8.5,Wet
2026-08-05,EV010,CHI,Chicago,Model B,True,6,2026-08-05T08:00:00Z,2026-08-05T18:00:00Z,trusted,40.28,24.1,8.5,Wet
2026-08-05,EV011,CHI,Chicago,Model A,True,6,2026-08-05T08:00:00Z,2026-08-05T18:00:00Z,trusted,53.83,24.1,8.5,Wet
2026-08-05,EV012,CHI,Chicago,Model B,True,6,2026-08-05T08:00:00Z,2026-08-05T18:00:00Z,trusted,58.57,24.1,8.5,Wet
2026-08-05,EV013,DAL,Dallas,Model A,True,6,2026-08-05T08:00:00Z,2026-08-05T18:00:00Z,trusted,0.0,33.3,0.0,Dry
2026-08-05,EV014,DAL,Dallas,Model B,True,6,2026-08-05T08:00:00Z,2026-08-05T18:00:00Z,trusted,59.52,33.3,0.0,Dry
2026-08-05,EV015,DAL,Dallas,Model A,True,6,2026-08-05T08:00:00Z,2026-08-05T18:00:00Z,trusted,61.33,33.3,0.0,Dry
2026-08-05,EV016,DAL,Dallas,Model B,True,6,2026-08-05T08:00:00Z,2026-08-05T18:00:00Z,trusted,0.0,33.3,0.0,Dry
2026-08-05,EV017,DAL,Dallas,Model A,True,6,2026-08-05T08:00:00Z,2026-08-05T18:00:00Z,trusted,54.08,33.3,0.0,Dry
2026-08-05,EV018,DAL,Dallas,Model B,True,6,2026-08-05T08:00:00Z,2026-08-05T18:00:00Z,trusted,67.23,33.3,0.0,Dry
2026-08-05,EV019,DAL,Dallas,Model A,True,6,2026-08-05T08:00:00Z,2026-08-05T18:00:00Z,trusted,63.57,33.3,0.0,Dry
2026-08-05,EV020,DAL,Dallas,Model B,True,6,2026-08-05T08:00:00Z,2026-08-05T18:00:00Z,trusted,54.39,33.3,0.0,Dry
2026-08-05,EV021,DAL,Dallas,Model A,True,6,2026-08-05T08:00:00Z,2026-08-05T18:00:00Z,trusted,55.11,33.3,0.0,Dry
2026-08-05,EV022,DAL,Dallas,Model B,True,6,2026-08-05T08:00:00Z,2026-08-05T18:00:00Z,trusted,43.14,33.3,0.0,Dry
2026-08-05,EV023,DAL,Dallas,Model A,True,6,2026-08-05T08:00:00Z,2026-08-05T18:00:00Z,trusted,50.92,33.3,0.0,Dry
2026-08-05,EV024,DAL,Dallas,Model B,True,6,2026-08-05T08:00:00Z,2026-08-05T18:00:00Z,trusted,58.4,33.3,0.0,Dry
2026-08-06,EV001,CHI,Chicago,Model A,True,6,2026-08-06T08:00:00Z,2026-08-06T18:00:00Z,trusted,52.07,22.8,5.0,Wet
2026-08-06,EV002,CHI,Chicago,Model B,True,6,2026-08-06T08:00:00Z,2026-08-06T18:00:00Z,trusted,58.6,22.8,5.0,Wet
2026-08-06,EV003,CHI,Chicago,Model A,True,6,2026-08-06T08:00:00Z,2026-08-06T18:00:00Z,trusted,41.54,22.8,5.0,Wet
2026-08-06,EV004,CHI,Chicago,Model B,True,6,2026-08-06T08:00:00Z,2026-08-06T18:00:00Z,trusted,0.0,22.8,5.0,Wet
2026-08-06,EV005,CHI,Chicago,Model A,True,6,2026-08-06T08:00:00Z,2026-08-06T18:00:00Z,trusted,53.21,22.8,5.0,Wet
2026-08-06,EV006,CHI,Chicago,Model B,True,6,2026-08-06T08:00:00Z,2026-08-06T18:00:00Z,trusted,38.61,22.8,5.0,Wet
2026-08-06,EV007,CHI,Chicago,Model A,True,6,2026-08-06T08:00:00Z,2026-08-06T18:00:00Z,trusted,0.0,22.8,5.0,Wet
2026-08-06,EV008,CHI,Chicago,Model B,True,6,2026-08-06T08:00:00Z,2026-08-06T18:00:00Z,trusted,0.0,22.8,5.0,Wet
2026-08-06,EV009,CHI,Chicago,Model A,True,6,2026-08-06T08:00:00Z,2026-08-06T18:00:00Z,trusted,56.76,22.8,5.0,Wet
2026-08-06,EV010,CHI,Chicago,Model B,True,6,2026-08-06T08:00:00Z,2026-08-06T18:00:00Z,trusted,59.86,22.8,5.0,Wet
2026-08-06,EV011,CHI,Chicago,Model A,True,6,2026-08-06T08:00:00Z,2026-08-06T18:00:00Z,trusted,0.0,22.8,5.0,Wet
2026-08-06,EV012,CHI,Chicago,Model B,True,6,2026-08-06T08:00:00Z,2026-08-06T18:00:00Z,trusted,0.0,22.8,5.0,Wet
2026-08-06,EV013,DAL,Dallas,Model A,True,6,2026-08-06T08:00:00Z,2026-08-06T18:00:00Z,trusted,53.65,32.8,0.0,Dry
2026-08-06,EV014,DAL,Dallas,Model B,True,6,2026-08-06T08:00:00Z,2026-08-06T18:00:00Z,trusted,0.0,32.8,0.0,Dry
2026-08-06,EV015,DAL,Dallas,Model A,True,6,2026-08-06T08:00:00Z,2026-08-06T18:00:00Z,trusted,0.0,32.8,0.0,Dry
2026-08-06,EV016,DAL,Dallas,Model B,True,6,2026-08-06T08:00:00Z,2026-08-06T18:00:00Z,trusted,59.02,32.8,0.0,Dry
2026-08-06,EV017,DAL,Dallas,Model A,True,6,2026-08-06T08:00:00Z,2026-08-06T18:00:00Z,trusted,55.03,32.8,0.0,Dry
2026-08-06,EV018,DAL,Dallas,Model B,True,6,2026-08-06T08:00:00Z,2026-08-06T18:00:00Z,trusted,65.14,32.8,0.0,Dry
2026-08-06,EV019,DAL,Dallas,Model A,True,6,2026-08-06T08:00:00Z,2026-08-06T18:00:00Z,trusted,37.88,32.8,0.0,Dry
2026-08-06,EV020,DAL,Dallas,Model B,True,6,2026-08-06T08:00:00Z,2026-08-06T18:00:00Z,trusted,0.0,32.8,0.0,Dry
2026-08-06,EV021,DAL,Dallas,Model A,True,6,2026-08-06T08:00:00Z,2026-08-06T18:00:00Z,trusted,55.37,32.8,0.0,Dry
2026-08-06,EV022,DAL,Dallas,Model B,True,6,2026-08-06T08:00:00Z,2026-08-06T18:00:00Z,trusted,71.59,32.8,0.0,Dry
2026-08-06,EV023,DAL,Dallas,Model A,True,6,2026-08-06T08:00:00Z,2026-08-06T18:00:00Z,trusted,66.93,32.8,0.0,Dry
2026-08-06,EV024,DAL,Dallas,Model B,True,6,2026-08-06T08:00:00Z,2026-08-06T18:00:00Z,trusted,0.0,32.8,0.0,Dry
2026-08-07,EV001,CHI,Chicago,Model A,True,6,2026-08-07T08:00:00Z,2026-08-07T18:00:00Z,trusted,0.0,23.8,1.0,Wet
2026-08-07,EV002,CHI,Chicago,Model B,True,6,2026-08-07T08:00:00Z,2026-08-07T18:00:00Z,trusted,53.88,23.8,1.0,Wet
2026-08-07,EV003,CHI,Chicago,Model A,True,6,2026-08-07T08:00:00Z,2026-08-07T18:00:00Z,trusted,48.8,23.8,1.0,Wet
2026-08-07,EV004,CHI,Chicago,Model B,True,6,2026-08-07T08:00:00Z,2026-08-07T18:00:00Z,trusted,54.47,23.8,1.0,Wet
2026-08-07,EV005,CHI,Chicago,Model A,True,6,2026-08-07T08:00:00Z,2026-08-07T18:00:00Z,trusted,61.06,23.8,1.0,Wet
2026-08-07,EV006,CHI,Chicago,Model B,True,0,,,missing_telemetry,,23.8,1.0,Wet
2026-08-07,EV007,CHI,Chicago,Model A,True,6,2026-08-07T08:00:00Z,2026-08-07T18:00:00Z,trusted,47.08,23.8,1.0,Wet
2026-08-07,EV008,CHI,Chicago,Model B,True,6,2026-08-07T08:00:00Z,2026-08-07T18:00:00Z,trusted,62.99,23.8,1.0,Wet
2026-08-07,EV009,CHI,Chicago,Model A,True,6,2026-08-07T08:00:00Z,2026-08-07T18:00:00Z,trusted,54.54,23.8,1.0,Wet
2026-08-07,EV010,CHI,Chicago,Model B,True,6,2026-08-07T08:00:00Z,2026-08-07T18:00:00Z,trusted,59.05,23.8,1.0,Wet
2026-08-07,EV011,CHI,Chicago,Model A,True,6,2026-08-07T08:00:00Z,2026-08-07T18:00:00Z,trusted,60.52,23.8,1.0,Wet
2026-08-07,EV012,CHI,Chicago,Model B,True,6,2026-08-07T08:00:00Z,2026-08-07T18:00:00Z,trusted,59.75,23.8,1.0,Wet
2026-08-07,EV013,DAL,Dallas,Model A,True,6,2026-08-07T08:00:00Z,2026-08-07T18:00:00Z,trusted,52.86,33.0,0.2,Dry
2026-08-07,EV014,DAL,Dallas,Model B,True,6,2026-08-07T08:00:00Z,2026-08-07T18:00:00Z,trusted,56.77,33.0,0.2,Dry
2026-08-07,EV015,DAL,Dallas,Model A,True,6,2026-08-07T08:00:00Z,2026-08-07T18:00:00Z,trusted,60.37,33.0,0.2,Dry
2026-08-07,EV016,DAL,Dallas,Model B,True,6,2026-08-07T08:00:00Z,2026-08-07T18:00:00Z,trusted,68.3,33.0,0.2,Dry
2026-08-07,EV017,DAL,Dallas,Model A,True,6,2026-08-07T08:00:00Z,2026-08-07T18:00:00Z,trusted,61.44,33.0,0.2,Dry
2026-08-07,EV018,DAL,Dallas,Model B,True,6,2026-08-07T08:00:00Z,2026-08-07T18:00:00Z,trusted,58.67,33.0,0.2,Dry
2026-08-07,EV019,DAL,Dallas,Model A,True,6,2026-08-07T08:00:00Z,2026-08-07T18:00:00Z,trusted,48.86,33.0,0.2,Dry
2026-08-07,EV020,DAL,Dallas,Model B,True,6,2026-08-07T08:00:00Z,2026-08-07T18:00:00Z,trusted,53.17,33.0,0.2,Dry
2026-08-07,EV021,DAL,Dallas,Model A,True,6,2026-08-07T08:00:00Z,2026-08-07T18:00:00Z,trusted,71.28,33.0,0.2,Dry
2026-08-07,EV022,DAL,Dallas,Model B,True,6,2026-08-07T08:00:00Z,2026-08-07T18:00:00Z,trusted,60.23,33.0,0.2,Dry
2026-08-07,EV023,DAL,Dallas,Model A,True,6,2026-08-07T08:00:00Z,2026-08-07T18:00:00Z,trusted,58.78,33.0,0.2,Dry
2026-08-07,EV024,DAL,Dallas,Model B,True,6,2026-08-07T08:00:00Z,2026-08-07T18:00:00Z,trusted,0.0,33.0,0.2,Dry
2026-08-08,EV001,CHI,Chicago,Model A,True,6,2026-08-08T08:00:00Z,2026-08-08T18:00:00Z,trusted,69.03,24.5,0.1,Dry
2026-08-08,EV002,CHI,Chicago,Model B,True,6,2026-08-08T08:00:00Z,2026-08-08T18:00:00Z,trusted,62.48,24.5,0.1,Dry
2026-08-08,EV003,CHI,Chicago,Model A,True,6,2026-08-08T08:00:00Z,2026-08-08T18:00:00Z,trusted,57.16,24.5,0.1,Dry
2026-08-08,EV004,CHI,Chicago,Model B,True,6,2026-08-08T08:00:00Z,2026-08-08T18:00:00Z,trusted,54.75,24.5,0.1,Dry
2026-08-08,EV005,CHI,Chicago,Model A,True,6,2026-08-08T08:00:00Z,2026-08-08T18:00:00Z,trusted,53.79,24.5,0.1,Dry
2026-08-08,EV006,CHI,Chicago,Model B,True,6,2026-08-08T08:00:00Z,2026-08-08T18:00:00Z,trusted,0.0,24.5,0.1,Dry
2026-08-08,EV007,CHI,Chicago,Model A,True,1,2026-08-08T08:00:00Z,2026-08-08T08:00:00Z,insufficient_readings,,24.5,0.1,Dry
2026-08-08,EV008,CHI,Chicago,Model B,True,6,2026-08-08T08:00:00Z,2026-08-08T18:00:00Z,trusted,48.17,24.5,0.1,Dry
2026-08-08,EV009,CHI,Chicago,Model A,True,6,2026-08-08T08:00:00Z,2026-08-08T18:00:00Z,trusted,55.71,24.5,0.1,Dry
2026-08-08,EV010,CHI,Chicago,Model B,True,6,2026-08-08T08:00:00Z,2026-08-08T18:00:00Z,trusted,51.45,24.5,0.1,Dry
2026-08-08,EV011,CHI,Chicago,Model A,True,6,2026-08-08T08:00:00Z,2026-08-08T18:00:00Z,trusted,46.27,24.5,0.1,Dry
2026-08-08,EV012,CHI,Chicago,Model B,True,6,2026-08-08T08:00:00Z,2026-08-08T18:00:00Z,trusted,64.78,24.5,0.1,Dry
2026-08-08,EV013,DAL,Dallas,Model A,True,6,2026-08-08T08:00:00Z,2026-08-08T18:00:00Z,trusted,56.16,32.0,4.2,Wet
2026-08-08,EV014,DAL,Dallas,Model B,True,6,2026-08-08T08:00:00Z,2026-08-08T18:00:00Z,trusted,57.53,32.0,4.2,Wet
2026-08-08,EV015,DAL,Dallas,Model A,True,6,2026-08-08T08:00:00Z,2026-08-08T18:00:00Z,trusted,69.34,32.0,4.2,Wet
2026-08-08,EV016,DAL,Dallas,Model B,True,6,2026-08-08T08:00:00Z,2026-08-08T18:00:00Z,trusted,57.91,32.0,4.2,Wet
2026-08-08,EV017,DAL,Dallas,Model A,True,6,2026-08-08T08:00:00Z,2026-08-08T18:00:00Z,trusted,0.0,32.0,4.2,Wet
2026-08-08,EV018,DAL,Dallas,Model B,True,6,2026-08-08T08:00:00Z,2026-08-08T18:00:00Z,trusted,55.93,32.0,4.2,Wet
2026-08-08,EV019,DAL,Dallas,Model A,True,6,2026-08-08T08:00:00Z,2026-08-08T18:00:00Z,trusted,66.3,32.0,4.2,Wet
2026-08-08,EV020,DAL,Dallas,Model B,True,6,2026-08-08T08:00:00Z,2026-08-08T18:00:00Z,trusted,52.26,32.0,4.2,Wet
2026-08-08,EV021,DAL,Dallas,Model A,True,6,2026-08-08T08:00:00Z,2026-08-08T18:00:00Z,trusted,80.7,32.0,4.2,Wet
2026-08-08,EV022,DAL,Dallas,Model B,True,6,2026-08-08T08:00:00Z,2026-08-08T18:00:00Z,trusted,54.56,32.0,4.2,Wet
2026-08-08,EV023,DAL,Dallas,Model A,True,6,2026-08-08T08:00:00Z,2026-08-08T18:00:00Z,trusted,57.66,32.0,4.2,Wet
2026-08-08,EV024,DAL,Dallas,Model B,True,6,2026-08-08T08:00:00Z,2026-08-08T18:00:00Z,trusted,0.0,32.0,4.2,Wet
2026-08-09,EV001,CHI,Chicago,Model A,True,6,2026-08-09T08:00:00Z,2026-08-09T18:00:00Z,trusted,56.19,22.3,15.9,Wet
2026-08-09,EV002,CHI,Chicago,Model B,True,6,2026-08-09T08:00:00Z,2026-08-09T18:00:00Z,trusted,49.41,22.3,15.9,Wet
2026-08-09,EV003,CHI,Chicago,Model A,True,6,2026-08-09T08:00:00Z,2026-08-09T18:00:00Z,trusted,51.42,22.3,15.9,Wet
2026-08-09,EV004,CHI,Chicago,Model B,True,6,2026-08-09T08:00:00Z,2026-08-09T18:00:00Z,trusted,57.48,22.3,15.9,Wet
2026-08-09,EV005,CHI,Chicago,Model A,True,6,2026-08-09T08:00:00Z,2026-08-09T18:00:00Z,trusted,0.0,22.3,15.9,Wet
2026-08-09,EV006,CHI,Chicago,Model B,True,6,2026-08-09T08:00:00Z,2026-08-09T18:00:00Z,trusted,50.89,22.3,15.9,Wet
2026-08-09,EV007,CHI,Chicago,Model A,True,6,2026-08-09T08:00:00Z,2026-08-09T18:00:00Z,trusted,64.28,22.3,15.9,Wet
2026-08-09,EV008,CHI,Chicago,Model B,True,6,2026-08-09T08:00:00Z,2026-08-09T18:00:00Z,trusted,48.18,22.3,15.9,Wet
2026-08-09,EV009,CHI,Chicago,Model A,True,6,2026-08-09T08:00:00Z,2026-08-09T18:00:00Z,trusted,52.07,22.3,15.9,Wet
2026-08-09,EV010,CHI,Chicago,Model B,True,6,2026-08-09T08:00:00Z,2026-08-09T18:00:00Z,trusted,0.0,22.3,15.9,Wet
2026-08-09,EV011,CHI,Chicago,Model A,True,6,2026-08-09T08:00:00Z,2026-08-09T18:00:00Z,trusted,49.77,22.3,15.9,Wet
2026-08-09,EV012,CHI,Chicago,Model B,True,6,2026-08-09T08:00:00Z,2026-08-09T18:00:00Z,trusted,48.76,22.3,15.9,Wet
2026-08-09,EV013,DAL,Dallas,Model A,True,6,2026-08-09T08:00:00Z,2026-08-09T18:00:00Z,trusted,0.0,29.8,2.9,Wet
2026-08-09,EV014,DAL,Dallas,Model B,True,6,2026-08-09T08:00:00Z,2026-08-09T18:00:00Z,trusted,43.33,29.8,2.9,Wet
2026-08-09,EV015,DAL,Dallas,Model A,True,6,2026-08-09T08:00:00Z,2026-08-09T18:00:00Z,trusted,45.45,29.8,2.9,Wet
2026-08-09,EV016,DAL,Dallas,Model B,True,6,2026-08-09T08:00:00Z,2026-08-09T18:00:00Z,trusted,53.32,29.8,2.9,Wet
2026-08-09,EV017,DAL,Dallas,Model A,True,6,2026-08-09T08:00:00Z,2026-08-09T18:00:00Z,trusted,57.42,29.8,2.9,Wet
2026-08-09,EV018,DAL,Dallas,Model B,True,6,2026-08-09T08:00:00Z,2026-08-09T18:00:00Z,trusted,49.65,29.8,2.9,Wet
2026-08-09,EV019,DAL,Dallas,Model A,True,6,2026-08-09T08:00:00Z,2026-08-09T18:00:00Z,trusted,35.45,29.8,2.9,Wet
2026-08-09,EV020,DAL,Dallas,Model B,True,6,2026-08-09T08:00:00Z,2026-08-09T18:00:00Z,trusted,59.94,29.8,2.9,Wet
2026-08-09,EV021,DAL,Dallas,Model A,True,6,2026-08-09T08:00:00Z,2026-08-09T18:00:00Z,trusted,63.03,29.8,2.9,Wet
2026-08-09,EV022,DAL,Dallas,Model B,True,6,2026-08-09T08:00:00Z,2026-08-09T18:00:00Z,trusted,43.63,29.8,2.9,Wet
2026-08-09,EV023,DAL,Dallas,Model A,True,6,2026-08-09T08:00:00Z,2026-08-09T18:00:00Z,trusted,43.99,29.8,2.9,Wet
2026-08-09,EV024,DAL,Dallas,Model B,True,6,2026-08-09T08:00:00Z,2026-08-09T18:00:00Z,trusted,45.58,29.8,2.9,Wet
2026-08-10,EV001,CHI,Chicago,Model A,True,6,2026-08-10T08:00:00Z,2026-08-10T18:00:00Z,trusted,50.19,22.9,20.5,Wet
2026-08-10,EV002,CHI,Chicago,Model B,True,6,2026-08-10T08:00:00Z,2026-08-10T18:00:00Z,trusted,75.62,22.9,20.5,Wet
2026-08-10,EV003,CHI,Chicago,Model A,True,6,2026-08-10T08:00:00Z,2026-08-10T18:00:00Z,trusted,48.32,22.9,20.5,Wet
2026-08-10,EV004,CHI,Chicago,Model B,True,6,2026-08-10T08:00:00Z,2026-08-10T18:00:00Z,trusted,0.0,22.9,20.5,Wet
2026-08-10,EV005,CHI,Chicago,Model A,True,6,2026-08-10T08:00:00Z,2026-08-10T18:00:00Z,trusted,66.99,22.9,20.5,Wet
2026-08-10,EV006,CHI,Chicago,Model B,True,6,2026-08-10T08:00:00Z,2026-08-10T18:00:00Z,trusted,62.42,22.9,20.5,Wet
2026-08-10,EV007,CHI,Chicago,Model A,True,6,2026-08-10T08:00:00Z,2026-08-10T18:00:00Z,trusted,45.19,22.9,20.5,Wet
2026-08-10,EV008,CHI,Chicago,Model B,True,6,2026-08-10T08:00:00Z,2026-08-10T18:00:00Z,trusted,0.0,22.9,20.5,Wet
2026-08-10,EV009,CHI,Chicago,Model A,True,6,2026-08-10T08:00:00Z,2026-08-10T18:00:00Z,trusted,44.82,22.9,20.5,Wet
2026-08-10,EV010,CHI,Chicago,Model B,True,6,2026-08-10T08:00:00Z,2026-08-10T18:00:00Z,trusted,48.95,22.9,20.5,Wet
2026-08-10,EV011,CHI,Chicago,Model A,True,6,2026-08-10T08:00:00Z,2026-08-10T18:00:00Z,trusted,40.72,22.9,20.5,Wet
2026-08-10,EV012,CHI,Chicago,Model B,True,6,2026-08-10T08:00:00Z,2026-08-10T18:00:00Z,trusted,49.89,22.9,20.5,Wet
2026-08-10,EV013,DAL,Dallas,Model A,True,6,2026-08-10T08:00:00Z,2026-08-10T18:00:00Z,trusted,47.89,30.9,1.3,Wet
2026-08-10,EV014,DAL,Dallas,Model B,True,6,2026-08-10T08:00:00Z,2026-08-10T18:00:00Z,trusted,38.89,30.9,1.3,Wet
2026-08-10,EV015,DAL,Dallas,Model A,True,6,2026-08-10T08:00:00Z,2026-08-10T18:00:00Z,trusted,40.66,30.9,1.3,Wet
2026-08-10,EV016,DAL,Dallas,Model B,True,6,2026-08-10T08:00:00Z,2026-08-10T18:00:00Z,trusted,0.0,30.9,1.3,Wet
2026-08-10,EV017,DAL,Dallas,Model A,True,6,2026-08-10T08:00:00Z,2026-08-10T18:00:00Z,trusted,60.82,30.9,1.3,Wet
2026-08-10,EV018,DAL,Dallas,Model B,True,6,2026-08-10T08:00:00Z,2026-08-10T18:00:00Z,trusted,53.88,30.9,1.3,Wet
2026-08-10,EV019,DAL,Dallas,Model A,True,6,2026-08-10T08:00:00Z,2026-08-10T18:00:00Z,trusted,42.23,30.9,1.3,Wet
2026-08-10,EV020,DAL,Dallas,Model B,True,6,2026-08-10T08:00:00Z,2026-08-10T18:00:00Z,trusted,66.23,30.9,1.3,Wet
2026-08-10,EV021,DAL,Dallas,Model A,True,6,2026-08-10T08:00:00Z,2026-08-10T18:00:00Z,trusted,50.22,30.9,1.3,Wet
2026-08-10,EV022,DAL,Dallas,Model B,True,6,2026-08-10T08:00:00Z,2026-08-10T18:00:00Z,trusted,50.92,30.9,1.3,Wet
2026-08-10,EV023,DAL,Dallas,Model A,True,6,2026-08-10T08:00:00Z,2026-08-10T18:00:00Z,trusted,58.42,30.9,1.3,Wet
2026-08-10,EV024,DAL,Dallas,Model B,True,6,2026-08-10T08:00:00Z,2026-08-10T18:00:00Z,trusted,0.0,30.9,1.3,Wet
2026-08-11,EV001,CHI,Chicago,Model A,True,6,2026-08-11T08:00:00Z,2026-08-11T18:00:00Z,trusted,60.03,23.1,19.4,Wet
2026-08-11,EV002,CHI,Chicago,Model B,True,6,2026-08-11T08:00:00Z,2026-08-11T18:00:00Z,trusted,66.66,23.1,19.4,Wet
2026-08-11,EV003,CHI,Chicago,Model A,True,6,2026-08-11T08:00:00Z,2026-08-11T18:00:00Z,trusted,50.14,23.1,19.4,Wet
2026-08-11,EV004,CHI,Chicago,Model B,True,6,2026-08-11T08:00:00Z,2026-08-11T18:00:00Z,trusted,42.41,23.1,19.4,Wet
2026-08-11,EV005,CHI,Chicago,Model A,True,6,2026-08-11T08:00:00Z,2026-08-11T18:00:00Z,trusted,0.0,23.1,19.4,Wet
2026-08-11,EV006,CHI,Chicago,Model B,True,6,2026-08-11T08:00:00Z,2026-08-11T18:00:00Z,trusted,60.86,23.1,19.4,Wet
2026-08-11,EV007,CHI,Chicago,Model A,True,6,2026-08-11T08:00:00Z,2026-08-11T18:00:00Z,trusted,69.02,23.1,19.4,Wet
2026-08-11,EV008,CHI,Chicago,Model B,True,6,2026-08-11T08:00:00Z,2026-08-11T18:00:00Z,trusted,35.58,23.1,19.4,Wet
2026-08-11,EV009,CHI,Chicago,Model A,True,6,2026-08-11T08:00:00Z,2026-08-11T18:00:00Z,trusted,47.75,23.1,19.4,Wet
2026-08-11,EV010,CHI,Chicago,Model B,True,6,2026-08-11T08:00:00Z,2026-08-11T18:00:00Z,trusted,44.87,23.1,19.4,Wet
2026-08-11,EV011,CHI,Chicago,Model A,True,6,2026-08-11T08:00:00Z,2026-08-11T18:00:00Z,trusted,54.15,23.1,19.4,Wet
2026-08-11,EV012,CHI,Chicago,Model B,True,6,2026-08-11T08:00:00Z,2026-08-11T18:00:00Z,trusted,0.0,23.1,19.4,Wet
2026-08-11,EV013,DAL,Dallas,Model A,True,6,2026-08-11T08:00:00Z,2026-08-11T18:00:00Z,trusted,68.21,31.4,0.3,Dry
2026-08-11,EV014,DAL,Dallas,Model B,True,6,2026-08-11T08:00:00Z,2026-08-11T18:00:00Z,trusted,58.36,31.4,0.3,Dry
2026-08-11,EV015,DAL,Dallas,Model A,True,6,2026-08-11T08:00:00Z,2026-08-11T18:00:00Z,trusted,62.16,31.4,0.3,Dry
2026-08-11,EV016,DAL,Dallas,Model B,True,6,2026-08-11T08:00:00Z,2026-08-11T18:00:00Z,trusted,68.3,31.4,0.3,Dry
2026-08-11,EV017,DAL,Dallas,Model A,True,6,2026-08-11T08:00:00Z,2026-08-11T18:00:00Z,trusted,41.59,31.4,0.3,Dry
2026-08-11,EV018,DAL,Dallas,Model B,True,6,2026-08-11T08:00:00Z,2026-08-11T18:00:00Z,trusted,44.81,31.4,0.3,Dry
2026-08-11,EV019,DAL,Dallas,Model A,True,6,2026-08-11T08:00:00Z,2026-08-11T18:00:00Z,trusted,0.0,31.4,0.3,Dry
2026-08-11,EV020,DAL,Dallas,Model B,True,6,2026-08-11T08:00:00Z,2026-08-11T18:00:00Z,trusted,60.04,31.4,0.3,Dry
2026-08-11,EV021,DAL,Dallas,Model A,True,6,2026-08-11T08:00:00Z,2026-08-11T18:00:00Z,trusted,0.0,31.4,0.3,Dry
2026-08-11,EV022,DAL,Dallas,Model B,True,6,2026-08-11T08:00:00Z,2026-08-11T18:00:00Z,trusted,58.35,31.4,0.3,Dry
2026-08-11,EV023,DAL,Dallas,Model A,True,6,2026-08-11T08:00:00Z,2026-08-11T18:00:00Z,trusted,48.75,31.4,0.3,Dry
2026-08-11,EV024,DAL,Dallas,Model B,True,6,2026-08-11T08:00:00Z,2026-08-11T18:00:00Z,trusted,55.99,31.4,0.3,Dry
2026-08-12,EV001,CHI,Chicago,Model A,True,6,2026-08-12T08:00:00Z,2026-08-12T18:00:00Z,trusted,62.6,23.6,3.9,Wet
2026-08-12,EV002,CHI,Chicago,Model B,True,6,2026-08-12T08:00:00Z,2026-08-12T18:00:00Z,trusted,65.51,23.6,3.9,Wet
2026-08-12,EV003,CHI,Chicago,Model A,True,6,2026-08-12T08:00:00Z,2026-08-12T18:00:00Z,trusted,62.26,23.6,3.9,Wet
2026-08-12,EV004,CHI,Chicago,Model B,True,6,2026-08-12T08:00:00Z,2026-08-12T18:00:00Z,trusted,53.23,23.6,3.9,Wet
2026-08-12,EV005,CHI,Chicago,Model A,True,6,2026-08-12T08:00:00Z,2026-08-12T18:00:00Z,trusted,47.94,23.6,3.9,Wet
2026-08-12,EV006,CHI,Chicago,Model B,True,6,2026-08-12T08:00:00Z,2026-08-12T18:00:00Z,trusted,0.0,23.6,3.9,Wet
2026-08-12,EV007,CHI,Chicago,Model A,True,6,2026-08-12T08:00:00Z,2026-08-12T18:00:00Z,trusted,55.9,23.6,3.9,Wet
2026-08-12,EV008,CHI,Chicago,Model B,True,6,2026-08-12T08:00:00Z,2026-08-12T18:00:00Z,trusted,57.74,23.6,3.9,Wet
2026-08-12,EV009,CHI,Chicago,Model A,True,6,2026-08-12T08:00:00Z,2026-08-12T18:00:00Z,trusted,39.29,23.6,3.9,Wet
2026-08-12,EV010,CHI,Chicago,Model B,True,6,2026-08-12T08:00:00Z,2026-08-12T18:00:00Z,trusted,58.5,23.6,3.9,Wet
2026-08-12,EV011,CHI,Chicago,Model A,True,6,2026-08-12T08:00:00Z,2026-08-12T18:00:00Z,trusted,48.27,23.6,3.9,Wet
2026-08-12,EV012,CHI,Chicago,Model B,True,6,2026-08-12T08:00:00Z,2026-08-12T18:00:00Z,trusted,0.0,23.6,3.9,Wet
2026-08-12,EV013,DAL,Dallas,Model A,True,6,2026-08-12T08:00:00Z,2026-08-12T18:00:00Z,trusted,41.2,32.8,0.0,Dry
2026-08-12,EV014,DAL,Dallas,Model B,True,6,2026-08-12T08:00:00Z,2026-08-12T18:00:00Z,trusted,48.31,32.8,0.0,Dry
2026-08-12,EV015,DAL,Dallas,Model A,True,6,2026-08-12T08:00:00Z,2026-08-12T18:00:00Z,trusted,57.01,32.8,0.0,Dry
2026-08-12,EV016,DAL,Dallas,Model B,True,6,2026-08-12T08:00:00Z,2026-08-12T18:00:00Z,trusted,52.99,32.8,0.0,Dry
2026-08-12,EV017,DAL,Dallas,Model A,True,6,2026-08-12T08:00:00Z,2026-08-12T18:00:00Z,trusted,64.98,32.8,0.0,Dry
2026-08-12,EV018,DAL,Dallas,Model B,True,6,2026-08-12T08:00:00Z,2026-08-12T18:00:00Z,trusted,53.01,32.8,0.0,Dry
2026-08-12,EV019,DAL,Dallas,Model A,True,6,2026-08-12T08:00:00Z,2026-08-12T18:00:00Z,trusted,61.69,32.8,0.0,Dry
2026-08-12,EV020,DAL,Dallas,Model B,True,6,2026-08-12T08:00:00Z,2026-08-12T18:00:00Z,trusted,41.16,32.8,0.0,Dry
2026-08-12,EV021,DAL,Dallas,Model A,True,6,2026-08-12T08:00:00Z,2026-08-12T18:00:00Z,trusted,58.22,32.8,0.0,Dry
2026-08-12,EV022,DAL,Dallas,Model B,True,6,2026-08-12T08:00:00Z,2026-08-12T18:00:00Z,trusted,54.59,32.8,0.0,Dry
2026-08-12,EV023,DAL,Dallas,Model A,True,6,2026-08-12T08:00:00Z,2026-08-12T18:00:00Z,trusted,68.93,32.8,0.0,Dry
2026-08-12,EV024,DAL,Dallas,Model B,True,6,2026-08-12T08:00:00Z,2026-08-12T18:00:00Z,trusted,62.71,32.8,0.0,Dry
2026-08-13,EV001,CHI,Chicago,Model A,True,6,2026-08-13T08:00:00Z,2026-08-13T18:00:00Z,trusted,54.02,23.9,10.0,Wet
2026-08-13,EV002,CHI,Chicago,Model B,True,6,2026-08-13T08:00:00Z,2026-08-13T18:00:00Z,trusted,49.57,23.9,10.0,Wet
2026-08-13,EV003,CHI,Chicago,Model A,True,6,2026-08-13T08:00:00Z,2026-08-13T18:00:00Z,trusted,69.75,23.9,10.0,Wet
2026-08-13,EV004,CHI,Chicago,Model B,True,6,2026-08-13T08:00:00Z,2026-08-13T18:00:00Z,trusted,0.0,23.9,10.0,Wet
2026-08-13,EV005,CHI,Chicago,Model A,True,6,2026-08-13T08:00:00Z,2026-08-13T18:00:00Z,trusted,61.16,23.9,10.0,Wet
2026-08-13,EV006,CHI,Chicago,Model B,True,6,2026-08-13T08:00:00Z,2026-08-13T18:00:00Z,trusted,48.39,23.9,10.0,Wet
2026-08-13,EV007,CHI,Chicago,Model A,True,6,2026-08-13T08:00:00Z,2026-08-13T18:00:00Z,trusted,64.41,23.9,10.0,Wet
2026-08-13,EV008,CHI,Chicago,Model B,True,6,2026-08-13T08:00:00Z,2026-08-13T18:00:00Z,trusted,53.61,23.9,10.0,Wet
2026-08-13,EV009,CHI,Chicago,Model A,True,6,2026-08-13T08:00:00Z,2026-08-13T18:00:00Z,trusted,0.0,23.9,10.0,Wet
2026-08-13,EV010,CHI,Chicago,Model B,True,6,2026-08-13T08:00:00Z,2026-08-13T18:00:00Z,trusted,47.58,23.9,10.0,Wet
2026-08-13,EV011,CHI,Chicago,Model A,True,6,2026-08-13T08:00:00Z,2026-08-13T18:00:00Z,trusted,59.37,23.9,10.0,Wet
2026-08-13,EV012,CHI,Chicago,Model B,True,6,2026-08-13T08:00:00Z,2026-08-13T18:00:00Z,trusted,55.92,23.9,10.0,Wet
2026-08-13,EV013,DAL,Dallas,Model A,True,6,2026-08-13T08:00:00Z,2026-08-13T18:00:00Z,trusted,50.32,33.4,0.0,Dry
2026-08-13,EV014,DAL,Dallas,Model B,True,6,2026-08-13T08:00:00Z,2026-08-13T18:00:00Z,trusted,70.11,33.4,0.0,Dry
2026-08-13,EV015,DAL,Dallas,Model A,True,6,2026-08-13T08:00:00Z,2026-08-13T18:00:00Z,trusted,0.0,33.4,0.0,Dry
2026-08-13,EV016,DAL,Dallas,Model B,True,6,2026-08-13T08:00:00Z,2026-08-13T18:00:00Z,trusted,46.3,33.4,0.0,Dry
2026-08-13,EV017,DAL,Dallas,Model A,True,6,2026-08-13T08:00:00Z,2026-08-13T18:00:00Z,trusted,55.82,33.4,0.0,Dry
2026-08-13,EV018,DAL,Dallas,Model B,True,6,2026-08-13T08:00:00Z,2026-08-13T18:00:00Z,trusted,64.3,33.4,0.0,Dry
2026-08-13,EV019,DAL,Dallas,Model A,True,6,2026-08-13T08:00:00Z,2026-08-13T18:00:00Z,trusted,63.86,33.4,0.0,Dry
2026-08-13,EV020,DAL,Dallas,Model B,True,6,2026-08-13T08:00:00Z,2026-08-13T18:00:00Z,trusted,55.66,33.4,0.0,Dry
2026-08-13,EV021,DAL,Dallas,Model A,True,6,2026-08-13T08:00:00Z,2026-08-13T18:00:00Z,trusted,0.0,33.4,0.0,Dry
2026-08-13,EV022,DAL,Dallas,Model B,True,6,2026-08-13T08:00:00Z,2026-08-13T18:00:00Z,trusted,0.0,33.4,0.0,Dry
2026-08-13,EV023,DAL,Dallas,Model A,True,6,2026-08-13T08:00:00Z,2026-08-13T18:00:00Z,trusted,0.0,33.4,0.0,Dry
2026-08-13,EV024,DAL,Dallas,Model B,True,6,2026-08-13T08:00:00Z,2026-08-13T18:00:00Z,trusted,72.32,33.4,0.0,Dry
2026-08-14,EV001,CHI,Chicago,Model A,True,6,2026-08-14T08:00:00Z,2026-08-14T18:00:00Z,trusted,50.07,23.4,8.5,Wet
2026-08-14,EV002,CHI,Chicago,Model B,True,6,2026-08-14T08:00:00Z,2026-08-14T18:00:00Z,trusted,57.01,23.4,8.5,Wet
2026-08-14,EV003,CHI,Chicago,Model A,True,6,2026-08-14T08:00:00Z,2026-08-14T18:00:00Z,trusted,52.27,23.4,8.5,Wet
2026-08-14,EV004,CHI,Chicago,Model B,True,6,2026-08-14T08:00:00Z,2026-08-14T18:00:00Z,trusted,62.7,23.4,8.5,Wet
2026-08-14,EV005,CHI,Chicago,Model A,True,6,2026-08-14T08:00:00Z,2026-08-14T18:00:00Z,trusted,64.25,23.4,8.5,Wet
2026-08-14,EV006,CHI,Chicago,Model B,True,6,2026-08-14T08:00:00Z,2026-08-14T18:00:00Z,trusted,38.96,23.4,8.5,Wet
2026-08-14,EV007,CHI,Chicago,Model A,True,6,2026-08-14T08:00:00Z,2026-08-14T18:00:00Z,trusted,65.26,23.4,8.5,Wet
2026-08-14,EV008,CHI,Chicago,Model B,True,6,2026-08-14T08:00:00Z,2026-08-14T18:00:00Z,trusted,45.88,23.4,8.5,Wet
2026-08-14,EV009,CHI,Chicago,Model A,True,6,2026-08-14T08:00:00Z,2026-08-14T18:00:00Z,trusted,42.88,23.4,8.5,Wet
2026-08-14,EV010,CHI,Chicago,Model B,True,6,2026-08-14T08:00:00Z,2026-08-14T18:00:00Z,trusted,51.4,23.4,8.5,Wet
2026-08-14,EV011,CHI,Chicago,Model A,True,6,2026-08-14T08:00:00Z,2026-08-14T18:00:00Z,trusted,45.81,23.4,8.5,Wet
2026-08-14,EV012,CHI,Chicago,Model B,True,6,2026-08-14T08:00:00Z,2026-08-14T18:00:00Z,trusted,49.27,23.4,8.5,Wet
2026-08-14,EV013,DAL,Dallas,Model A,True,6,2026-08-14T08:00:00Z,2026-08-14T18:00:00Z,trusted,67.47,33.0,0.0,Dry
2026-08-14,EV014,DAL,Dallas,Model B,True,6,2026-08-14T08:00:00Z,2026-08-14T18:00:00Z,trusted,63.96,33.0,0.0,Dry
2026-08-14,EV015,DAL,Dallas,Model A,True,6,2026-08-14T08:00:00Z,2026-08-14T18:00:00Z,trusted,49.26,33.0,0.0,Dry
2026-08-14,EV016,DAL,Dallas,Model B,True,6,2026-08-14T08:00:00Z,2026-08-14T18:00:00Z,trusted,64.2,33.0,0.0,Dry
2026-08-14,EV017,DAL,Dallas,Model A,True,6,2026-08-14T08:00:00Z,2026-08-14T18:00:00Z,trusted,58.38,33.0,0.0,Dry
2026-08-14,EV018,DAL,Dallas,Model B,True,6,2026-08-14T08:00:00Z,2026-08-14T18:00:00Z,trusted,40.25,33.0,0.0,Dry
2026-08-14,EV019,DAL,Dallas,Model A,True,6,2026-08-14T08:00:00Z,2026-08-14T18:00:00Z,trusted,56.54,33.0,0.0,Dry
2026-08-14,EV020,DAL,Dallas,Model B,True,6,2026-08-14T08:00:00Z,2026-08-14T18:00:00Z,trusted,57.87,33.0,0.0,Dry
2026-08-14,EV021,DAL,Dallas,Model A,True,6,2026-08-14T08:00:00Z,2026-08-14T18:00:00Z,trusted,67.9,33.0,0.0,Dry
2026-08-14,EV022,DAL,Dallas,Model B,True,6,2026-08-14T08:00:00Z,2026-08-14T18:00:00Z,trusted,60.34,33.0,0.0,Dry
2026-08-14,EV023,DAL,Dallas,Model A,True,6,2026-08-14T08:00:00Z,2026-08-14T18:00:00Z,trusted,59.6,33.0,0.0,Dry
2026-08-14,EV024,DAL,Dallas,Model B,True,6,2026-08-14T08:00:00Z,2026-08-14T18:00:00Z,trusted,52.49,33.0,0.0,Dry
2026-08-15,EV001,CHI,Chicago,Model A,True,6,2026-08-15T08:00:00Z,2026-08-15T18:00:00Z,trusted,37.98,24.2,13.2,Wet
2026-08-15,EV002,CHI,Chicago,Model B,True,6,2026-08-15T08:00:00Z,2026-08-15T18:00:00Z,trusted,67.13,24.2,13.2,Wet
2026-08-15,EV003,CHI,Chicago,Model A,True,6,2026-08-15T08:00:00Z,2026-08-15T18:00:00Z,trusted,0.0,24.2,13.2,Wet
2026-08-15,EV004,CHI,Chicago,Model B,True,6,2026-08-15T08:00:00Z,2026-08-15T18:00:00Z,trusted,48.0,24.2,13.2,Wet
2026-08-15,EV005,CHI,Chicago,Model A,True,6,2026-08-15T08:00:00Z,2026-08-15T18:00:00Z,trusted,59.66,24.2,13.2,Wet
2026-08-15,EV006,CHI,Chicago,Model B,True,6,2026-08-15T08:00:00Z,2026-08-15T18:00:00Z,trusted,45.64,24.2,13.2,Wet
2026-08-15,EV007,CHI,Chicago,Model A,True,6,2026-08-15T08:00:00Z,2026-08-15T18:00:00Z,trusted,45.42,24.2,13.2,Wet
2026-08-15,EV008,CHI,Chicago,Model B,True,6,2026-08-15T08:00:00Z,2026-08-15T18:00:00Z,trusted,59.22,24.2,13.2,Wet
2026-08-15,EV009,CHI,Chicago,Model A,True,6,2026-08-15T08:00:00Z,2026-08-15T18:00:00Z,trusted,73.87,24.2,13.2,Wet
2026-08-15,EV010,CHI,Chicago,Model B,True,6,2026-08-15T08:00:00Z,2026-08-15T18:00:00Z,trusted,51.33,24.2,13.2,Wet
2026-08-15,EV011,CHI,Chicago,Model A,True,6,2026-08-15T08:00:00Z,2026-08-15T18:00:00Z,trusted,60.89,24.2,13.2,Wet
2026-08-15,EV012,CHI,Chicago,Model B,True,6,2026-08-15T08:00:00Z,2026-08-15T18:00:00Z,trusted,49.87,24.2,13.2,Wet
2026-08-15,EV013,DAL,Dallas,Model A,True,6,2026-08-15T08:00:00Z,2026-08-15T18:00:00Z,trusted,50.02,32.9,0.5,Dry
2026-08-15,EV014,DAL,Dallas,Model B,True,6,2026-08-15T08:00:00Z,2026-08-15T18:00:00Z,trusted,60.56,32.9,0.5,Dry
2026-08-15,EV015,DAL,Dallas,Model A,True,6,2026-08-15T08:00:00Z,2026-08-15T18:00:00Z,trusted,55.54,32.9,0.5,Dry
2026-08-15,EV016,DAL,Dallas,Model B,True,6,2026-08-15T08:00:00Z,2026-08-15T18:00:00Z,trusted,70.83,32.9,0.5,Dry
2026-08-15,EV017,DAL,Dallas,Model A,True,6,2026-08-15T08:00:00Z,2026-08-15T18:00:00Z,trusted,0.0,32.9,0.5,Dry
2026-08-15,EV018,DAL,Dallas,Model B,True,6,2026-08-15T08:00:00Z,2026-08-15T18:00:00Z,trusted,73.03,32.9,0.5,Dry
2026-08-15,EV019,DAL,Dallas,Model A,True,6,2026-08-15T08:00:00Z,2026-08-15T18:00:00Z,trusted,55.62,32.9,0.5,Dry
2026-08-15,EV020,DAL,Dallas,Model B,True,6,2026-08-15T08:00:00Z,2026-08-15T18:00:00Z,trusted,73.42,32.9,0.5,Dry
2026-08-15,EV021,DAL,Dallas,Model A,True,6,2026-08-15T08:00:00Z,2026-08-15T18:00:00Z,trusted,36.58,32.9,0.5,Dry
2026-08-15,EV022,DAL,Dallas,Model B,True,6,2026-08-15T08:00:00Z,2026-08-15T18:00:00Z,trusted,0.0,32.9,0.5,Dry
2026-08-15,EV023,DAL,Dallas,Model A,True,6,2026-08-15T08:00:00Z,2026-08-15T18:00:00Z,trusted,64.07,32.9,0.5,Dry
2026-08-15,EV024,DAL,Dallas,Model B,True,6,2026-08-15T08:00:00Z,2026-08-15T18:00:00Z,trusted,51.96,32.9,0.5,Dry
2026-08-16,EV001,CHI,Chicago,Model A,True,6,2026-08-16T08:00:00Z,2026-08-16T18:00:00Z,trusted,0.0,24.9,11.5,Wet
2026-08-16,EV002,CHI,Chicago,Model B,True,6,2026-08-16T08:00:00Z,2026-08-16T18:00:00Z,trusted,54.33,24.9,11.5,Wet
2026-08-16,EV003,CHI,Chicago,Model A,True,6,2026-08-16T08:00:00Z,2026-08-16T18:00:00Z,trusted,50.0,24.9,11.5,Wet
2026-08-16,EV004,CHI,Chicago,Model B,True,6,2026-08-16T08:00:00Z,2026-08-16T18:00:00Z,trusted,0.0,24.9,11.5,Wet
2026-08-16,EV005,CHI,Chicago,Model A,True,6,2026-08-16T08:00:00Z,2026-08-16T18:00:00Z,trusted,59.45,24.9,11.5,Wet
2026-08-16,EV006,CHI,Chicago,Model B,True,6,2026-08-16T08:00:00Z,2026-08-16T18:00:00Z,trusted,0.0,24.9,11.5,Wet
2026-08-16,EV007,CHI,Chicago,Model A,True,6,2026-08-16T08:00:00Z,2026-08-16T18:00:00Z,trusted,39.82,24.9,11.5,Wet
2026-08-16,EV008,CHI,Chicago,Model B,True,6,2026-08-16T08:00:00Z,2026-08-16T18:00:00Z,trusted,56.1,24.9,11.5,Wet
2026-08-16,EV009,CHI,Chicago,Model A,True,6,2026-08-16T08:00:00Z,2026-08-16T18:00:00Z,trusted,50.46,24.9,11.5,Wet
2026-08-16,EV010,CHI,Chicago,Model B,True,6,2026-08-16T08:00:00Z,2026-08-16T18:00:00Z,trusted,47.38,24.9,11.5,Wet
2026-08-16,EV011,CHI,Chicago,Model A,True,6,2026-08-16T08:00:00Z,2026-08-16T18:00:00Z,trusted,43.62,24.9,11.5,Wet
2026-08-16,EV012,CHI,Chicago,Model B,True,6,2026-08-16T08:00:00Z,2026-08-16T18:00:00Z,trusted,54.25,24.9,11.5,Wet
2026-08-16,EV013,DAL,Dallas,Model A,True,6,2026-08-16T08:00:00Z,2026-08-16T18:00:00Z,trusted,55.1,33.9,0.0,Dry
2026-08-16,EV014,DAL,Dallas,Model B,True,6,2026-08-16T08:00:00Z,2026-08-16T18:00:00Z,trusted,55.43,33.9,0.0,Dry
2026-08-16,EV015,DAL,Dallas,Model A,True,6,2026-08-16T08:00:00Z,2026-08-16T18:00:00Z,trusted,0.0,33.9,0.0,Dry
2026-08-16,EV016,DAL,Dallas,Model B,True,6,2026-08-16T08:00:00Z,2026-08-16T18:00:00Z,trusted,53.29,33.9,0.0,Dry
2026-08-16,EV017,DAL,Dallas,Model A,True,6,2026-08-16T08:00:00Z,2026-08-16T18:00:00Z,trusted,73.25,33.9,0.0,Dry
2026-08-16,EV018,DAL,Dallas,Model B,True,6,2026-08-16T08:00:00Z,2026-08-16T18:00:00Z,trusted,68.95,33.9,0.0,Dry
2026-08-16,EV019,DAL,Dallas,Model A,True,6,2026-08-16T08:00:00Z,2026-08-16T18:00:00Z,trusted,51.44,33.9,0.0,Dry
2026-08-16,EV020,DAL,Dallas,Model B,True,6,2026-08-16T08:00:00Z,2026-08-16T18:00:00Z,trusted,37.09,33.9,0.0,Dry
2026-08-16,EV021,DAL,Dallas,Model A,True,6,2026-08-16T08:00:00Z,2026-08-16T18:00:00Z,trusted,51.14,33.9,0.0,Dry
2026-08-16,EV022,DAL,Dallas,Model B,True,6,2026-08-16T08:00:00Z,2026-08-16T18:00:00Z,trusted,59.66,33.9,0.0,Dry
2026-08-16,EV023,DAL,Dallas,Model A,True,6,2026-08-16T08:00:00Z,2026-08-16T18:00:00Z,trusted,33.35,33.9,0.0,Dry
2026-08-16,EV024,DAL,Dallas,Model B,True,6,2026-08-16T08:00:00Z,2026-08-16T18:00:00Z,trusted,43.0,33.9,0.0,Dry
2026-08-17,EV001,CHI,Chicago,Model A,True,6,2026-08-17T08:00:00Z,2026-08-17T18:00:00Z,trusted,53.56,22.8,3.4,Wet
2026-08-17,EV002,CHI,Chicago,Model B,True,6,2026-08-17T08:00:00Z,2026-08-17T18:00:00Z,trusted,48.51,22.8,3.4,Wet
2026-08-17,EV003,CHI,Chicago,Model A,True,6,2026-08-17T08:00:00Z,2026-08-17T18:00:00Z,trusted,53.75,22.8,3.4,Wet
2026-08-17,EV004,CHI,Chicago,Model B,True,6,2026-08-17T08:00:00Z,2026-08-17T18:00:00Z,trusted,68.48,22.8,3.4,Wet
2026-08-17,EV005,CHI,Chicago,Model A,True,6,2026-08-17T08:00:00Z,2026-08-17T18:00:00Z,trusted,48.65,22.8,3.4,Wet
2026-08-17,EV006,CHI,Chicago,Model B,True,6,2026-08-17T08:00:00Z,2026-08-17T18:00:00Z,trusted,63.92,22.8,3.4,Wet
2026-08-17,EV007,CHI,Chicago,Model A,True,6,2026-08-17T08:00:00Z,2026-08-17T18:00:00Z,trusted,54.5,22.8,3.4,Wet
2026-08-17,EV008,CHI,Chicago,Model B,True,6,2026-08-17T08:00:00Z,2026-08-17T18:00:00Z,trusted,65.27,22.8,3.4,Wet
2026-08-17,EV009,CHI,Chicago,Model A,True,6,2026-08-17T08:00:00Z,2026-08-17T18:00:00Z,trusted,0.0,22.8,3.4,Wet
2026-08-17,EV010,CHI,Chicago,Model B,True,6,2026-08-17T08:00:00Z,2026-08-17T18:00:00Z,trusted,63.4,22.8,3.4,Wet
2026-08-17,EV011,CHI,Chicago,Model A,True,6,2026-08-17T08:00:00Z,2026-08-17T18:00:00Z,trusted,64.77,22.8,3.4,Wet
2026-08-17,EV012,CHI,Chicago,Model B,True,6,2026-08-17T08:00:00Z,2026-08-17T18:00:00Z,trusted,0.0,22.8,3.4,Wet
2026-08-17,EV013,DAL,Dallas,Model A,True,6,2026-08-17T08:00:00Z,2026-08-17T18:00:00Z,trusted,59.21,34.5,0.0,Dry
2026-08-17,EV014,DAL,Dallas,Model B,True,6,2026-08-17T08:00:00Z,2026-08-17T18:00:00Z,trusted,59.59,34.5,0.0,Dry
2026-08-17,EV015,DAL,Dallas,Model A,True,6,2026-08-17T08:00:00Z,2026-08-17T18:00:00Z,trusted,44.21,34.5,0.0,Dry
2026-08-17,EV016,DAL,Dallas,Model B,True,6,2026-08-17T08:00:00Z,2026-08-17T18:00:00Z,trusted,62.12,34.5,0.0,Dry
2026-08-17,EV017,DAL,Dallas,Model A,True,6,2026-08-17T08:00:00Z,2026-08-17T18:00:00Z,trusted,49.98,34.5,0.0,Dry
2026-08-17,EV018,DAL,Dallas,Model B,True,6,2026-08-17T08:00:00Z,2026-08-17T18:00:00Z,trusted,50.73,34.5,0.0,Dry
2026-08-17,EV019,DAL,Dallas,Model A,True,6,2026-08-17T08:00:00Z,2026-08-17T18:00:00Z,trusted,67.21,34.5,0.0,Dry
2026-08-17,EV020,DAL,Dallas,Model B,True,6,2026-08-17T08:00:00Z,2026-08-17T18:00:00Z,trusted,52.78,34.5,0.0,Dry
2026-08-17,EV021,DAL,Dallas,Model A,True,6,2026-08-17T08:00:00Z,2026-08-17T18:00:00Z,trusted,49.73,34.5,0.0,Dry
2026-08-17,EV022,DAL,Dallas,Model B,True,6,2026-08-17T08:00:00Z,2026-08-17T18:00:00Z,trusted,60.87,34.5,0.0,Dry
2026-08-17,EV023,DAL,Dallas,Model A,True,6,2026-08-17T08:00:00Z,2026-08-17T18:00:00Z,trusted,50.42,34.5,0.0,Dry
2026-08-17,EV024,DAL,Dallas,Model B,True,6,2026-08-17T08:00:00Z,2026-08-17T18:00:00Z,trusted,41.58,34.5,0.0,Dry
2026-08-18,EV001,CHI,Chicago,Model A,True,6,2026-08-18T08:00:00Z,2026-08-18T18:00:00Z,trusted,58.59,22.1,1.7,Wet
2026-08-18,EV002,CHI,Chicago,Model B,True,6,2026-08-18T08:00:00Z,2026-08-18T18:00:00Z,trusted,40.35,22.1,1.7,Wet
2026-08-18,EV003,CHI,Chicago,Model A,True,6,2026-08-18T08:00:00Z,2026-08-18T18:00:00Z,trusted,51.62,22.1,1.7,Wet
2026-08-18,EV004,CHI,Chicago,Model B,True,6,2026-08-18T08:00:00Z,2026-08-18T18:00:00Z,trusted,67.62,22.1,1.7,Wet
2026-08-18,EV005,CHI,Chicago,Model A,True,6,2026-08-18T08:00:00Z,2026-08-18T18:00:00Z,trusted,45.77,22.1,1.7,Wet
2026-08-18,EV006,CHI,Chicago,Model B,True,6,2026-08-18T08:00:00Z,2026-08-18T18:00:00Z,trusted,0.0,22.1,1.7,Wet
2026-08-18,EV007,CHI,Chicago,Model A,True,6,2026-08-18T08:00:00Z,2026-08-18T18:00:00Z,trusted,0.0,22.1,1.7,Wet
2026-08-18,EV008,CHI,Chicago,Model B,True,6,2026-08-18T08:00:00Z,2026-08-18T18:00:00Z,trusted,58.32,22.1,1.7,Wet
2026-08-18,EV009,CHI,Chicago,Model A,True,6,2026-08-18T08:00:00Z,2026-08-18T18:00:00Z,trusted,54.79,22.1,1.7,Wet
2026-08-18,EV010,CHI,Chicago,Model B,True,6,2026-08-18T08:00:00Z,2026-08-18T18:00:00Z,trusted,0.0,22.1,1.7,Wet
2026-08-18,EV011,CHI,Chicago,Model A,True,6,2026-08-18T08:00:00Z,2026-08-18T18:00:00Z,trusted,0.0,22.1,1.7,Wet
2026-08-18,EV012,CHI,Chicago,Model B,True,6,2026-08-18T08:00:00Z,2026-08-18T18:00:00Z,trusted,58.35,22.1,1.7,Wet
2026-08-18,EV013,DAL,Dallas,Model A,True,6,2026-08-18T08:00:00Z,2026-08-18T18:00:00Z,trusted,55.38,35.3,0.0,Dry
2026-08-18,EV014,DAL,Dallas,Model B,True,6,2026-08-18T08:00:00Z,2026-08-18T18:00:00Z,trusted,0.0,35.3,0.0,Dry
2026-08-18,EV015,DAL,Dallas,Model A,True,6,2026-08-18T08:00:00Z,2026-08-18T18:00:00Z,trusted,64.91,35.3,0.0,Dry
2026-08-18,EV016,DAL,Dallas,Model B,True,6,2026-08-18T08:00:00Z,2026-08-18T18:00:00Z,trusted,0.0,35.3,0.0,Dry
2026-08-18,EV017,DAL,Dallas,Model A,True,6,2026-08-18T08:00:00Z,2026-08-18T18:00:00Z,trusted,57.66,35.3,0.0,Dry
2026-08-18,EV018,DAL,Dallas,Model B,True,6,2026-08-18T08:00:00Z,2026-08-18T18:00:00Z,trusted,65.29,35.3,0.0,Dry
2026-08-18,EV019,DAL,Dallas,Model A,True,6,2026-08-18T08:00:00Z,2026-08-18T18:00:00Z,trusted,0.0,35.3,0.0,Dry
2026-08-18,EV020,DAL,Dallas,Model B,True,6,2026-08-18T08:00:00Z,2026-08-18T18:00:00Z,trusted,64.97,35.3,0.0,Dry
2026-08-18,EV021,DAL,Dallas,Model A,True,6,2026-08-18T08:00:00Z,2026-08-18T18:00:00Z,trusted,60.26,35.3,0.0,Dry
2026-08-18,EV022,DAL,Dallas,Model B,True,6,2026-08-18T08:00:00Z,2026-08-18T18:00:00Z,trusted,0.0,35.3,0.0,Dry
2026-08-18,EV023,DAL,Dallas,Model A,True,6,2026-08-18T08:00:00Z,2026-08-18T18:00:00Z,trusted,0.0,35.3,0.0,Dry
2026-08-18,EV024,DAL,Dallas,Model B,True,6,2026-08-18T08:00:00Z,2026-08-18T18:00:00Z,trusted,45.23,35.3,0.0,Dry
2026-08-19,EV001,CHI,Chicago,Model A,True,6,2026-08-19T08:00:00Z,2026-08-19T18:00:00Z,trusted,39.58,21.4,7.9,Wet
2026-08-19,EV002,CHI,Chicago,Model B,True,6,2026-08-19T08:00:00Z,2026-08-19T18:00:00Z,trusted,40.71,21.4,7.9,Wet
2026-08-19,EV003,CHI,Chicago,Model A,True,6,2026-08-19T08:00:00Z,2026-08-19T18:00:00Z,trusted,48.71,21.4,7.9,Wet
2026-08-19,EV004,CHI,Chicago,Model B,True,6,2026-08-19T08:00:00Z,2026-08-19T18:00:00Z,trusted,51.35,21.4,7.9,Wet
2026-08-19,EV005,CHI,Chicago,Model A,True,6,2026-08-19T08:00:00Z,2026-08-19T18:00:00Z,trusted,46.55,21.4,7.9,Wet
2026-08-19,EV006,CHI,Chicago,Model B,True,6,2026-08-19T08:00:00Z,2026-08-19T18:00:00Z,trusted,0.0,21.4,7.9,Wet
2026-08-19,EV007,CHI,Chicago,Model A,True,6,2026-08-19T08:00:00Z,2026-08-19T18:00:00Z,trusted,44.75,21.4,7.9,Wet
2026-08-19,EV008,CHI,Chicago,Model B,True,6,2026-08-19T08:00:00Z,2026-08-19T18:00:00Z,trusted,62.49,21.4,7.9,Wet
2026-08-19,EV009,CHI,Chicago,Model A,True,6,2026-08-19T08:00:00Z,2026-08-19T18:00:00Z,trusted,63.49,21.4,7.9,Wet
2026-08-19,EV010,CHI,Chicago,Model B,True,6,2026-08-19T08:00:00Z,2026-08-19T18:00:00Z,trusted,58.36,21.4,7.9,Wet
2026-08-19,EV011,CHI,Chicago,Model A,True,6,2026-08-19T08:00:00Z,2026-08-19T18:00:00Z,trusted,55.03,21.4,7.9,Wet
2026-08-19,EV012,CHI,Chicago,Model B,True,6,2026-08-19T08:00:00Z,2026-08-19T18:00:00Z,trusted,54.96,21.4,7.9,Wet
2026-08-19,EV013,DAL,Dallas,Model A,True,6,2026-08-19T08:00:00Z,2026-08-19T18:00:00Z,trusted,59.94,34.8,0.0,Dry
2026-08-19,EV014,DAL,Dallas,Model B,True,6,2026-08-19T08:00:00Z,2026-08-19T18:00:00Z,trusted,64.19,34.8,0.0,Dry
2026-08-19,EV015,DAL,Dallas,Model A,True,6,2026-08-19T08:00:00Z,2026-08-19T18:00:00Z,trusted,65.18,34.8,0.0,Dry
2026-08-19,EV016,DAL,Dallas,Model B,True,6,2026-08-19T08:00:00Z,2026-08-19T18:00:00Z,trusted,62.88,34.8,0.0,Dry
2026-08-19,EV017,DAL,Dallas,Model A,True,6,2026-08-19T08:00:00Z,2026-08-19T18:00:00Z,trusted,55.21,34.8,0.0,Dry
2026-08-19,EV018,DAL,Dallas,Model B,True,6,2026-08-19T08:00:00Z,2026-08-19T18:00:00Z,trusted,57.62,34.8,0.0,Dry
2026-08-19,EV019,DAL,Dallas,Model A,True,6,2026-08-19T08:00:00Z,2026-08-19T18:00:00Z,trusted,55.82,34.8,0.0,Dry
2026-08-19,EV020,DAL,Dallas,Model B,True,6,2026-08-19T08:00:00Z,2026-08-19T18:00:00Z,trusted,56.83,34.8,0.0,Dry
2026-08-19,EV021,DAL,Dallas,Model A,True,6,2026-08-19T08:00:00Z,2026-08-19T18:00:00Z,trusted,51.24,34.8,0.0,Dry
2026-08-19,EV022,DAL,Dallas,Model B,True,6,2026-08-19T08:00:00Z,2026-08-19T18:00:00Z,trusted,0.0,34.8,0.0,Dry
2026-08-19,EV023,DAL,Dallas,Model A,True,6,2026-08-19T08:00:00Z,2026-08-19T18:00:00Z,trusted,54.61,34.8,0.0,Dry
2026-08-19,EV024,DAL,Dallas,Model B,True,6,2026-08-19T08:00:00Z,2026-08-19T18:00:00Z,trusted,52.21,34.8,0.0,Dry
2026-08-20,EV001,CHI,Chicago,Model A,True,6,2026-08-20T08:00:00Z,2026-08-20T18:00:00Z,trusted,58.11,22.0,0.0,Dry
2026-08-20,EV002,CHI,Chicago,Model B,True,6,2026-08-20T08:00:00Z,2026-08-20T18:00:00Z,trusted,44.18,22.0,0.0,Dry
2026-08-20,EV003,CHI,Chicago,Model A,True,6,2026-08-20T08:00:00Z,2026-08-20T18:00:00Z,trusted,53.88,22.0,0.0,Dry
2026-08-20,EV004,CHI,Chicago,Model B,True,6,2026-08-20T08:00:00Z,2026-08-20T18:00:00Z,trusted,45.5,22.0,0.0,Dry
2026-08-20,EV005,CHI,Chicago,Model A,True,6,2026-08-20T08:00:00Z,2026-08-20T18:00:00Z,trusted,47.04,22.0,0.0,Dry
2026-08-20,EV006,CHI,Chicago,Model B,True,6,2026-08-20T08:00:00Z,2026-08-20T18:00:00Z,trusted,49.34,22.0,0.0,Dry
2026-08-20,EV007,CHI,Chicago,Model A,True,6,2026-08-20T08:00:00Z,2026-08-20T18:00:00Z,trusted,58.95,22.0,0.0,Dry
2026-08-20,EV008,CHI,Chicago,Model B,True,6,2026-08-20T08:00:00Z,2026-08-20T18:00:00Z,trusted,62.69,22.0,0.0,Dry
2026-08-20,EV009,CHI,Chicago,Model A,True,6,2026-08-20T08:00:00Z,2026-08-20T18:00:00Z,trusted,0.0,22.0,0.0,Dry
2026-08-20,EV010,CHI,Chicago,Model B,True,6,2026-08-20T08:00:00Z,2026-08-20T18:00:00Z,trusted,0.0,22.0,0.0,Dry
2026-08-20,EV011,CHI,Chicago,Model A,True,6,2026-08-20T08:00:00Z,2026-08-20T18:00:00Z,trusted,0.0,22.0,0.0,Dry
2026-08-20,EV012,CHI,Chicago,Model B,True,6,2026-08-20T08:00:00Z,2026-08-20T18:00:00Z,trusted,47.21,22.0,0.0,Dry
2026-08-20,EV013,DAL,Dallas,Model A,True,6,2026-08-20T08:00:00Z,2026-08-20T18:00:00Z,trusted,64.23,34.7,0.1,Dry
2026-08-20,EV014,DAL,Dallas,Model B,True,6,2026-08-20T08:00:00Z,2026-08-20T18:00:00Z,trusted,40.29,34.7,0.1,Dry
2026-08-20,EV015,DAL,Dallas,Model A,True,6,2026-08-20T08:00:00Z,2026-08-20T18:00:00Z,trusted,54.03,34.7,0.1,Dry
2026-08-20,EV016,DAL,Dallas,Model B,True,6,2026-08-20T08:00:00Z,2026-08-20T18:00:00Z,trusted,55.16,34.7,0.1,Dry
2026-08-20,EV017,DAL,Dallas,Model A,True,6,2026-08-20T08:00:00Z,2026-08-20T18:00:00Z,trusted,0.0,34.7,0.1,Dry
2026-08-20,EV018,DAL,Dallas,Model B,True,6,2026-08-20T08:00:00Z,2026-08-20T18:00:00Z,trusted,44.22,34.7,0.1,Dry
2026-08-20,EV019,DAL,Dallas,Model A,True,6,2026-08-20T08:00:00Z,2026-08-20T18:00:00Z,trusted,52.46,34.7,0.1,Dry
2026-08-20,EV020,DAL,Dallas,Model B,True,6,2026-08-20T08:00:00Z,2026-08-20T18:00:00Z,trusted,54.95,34.7,0.1,Dry
2026-08-20,EV021,DAL,Dallas,Model A,True,6,2026-08-20T08:00:00Z,2026-08-20T18:00:00Z,trusted,61.73,34.7,0.1,Dry
2026-08-20,EV022,DAL,Dallas,Model B,True,6,2026-08-20T08:00:00Z,2026-08-20T18:00:00Z,trusted,67.23,34.7,0.1,Dry
2026-08-20,EV023,DAL,Dallas,Model A,True,6,2026-08-20T08:00:00Z,2026-08-20T18:00:00Z,trusted,63.3,34.7,0.1,Dry
2026-08-20,EV024,DAL,Dallas,Model B,True,6,2026-08-20T08:00:00Z,2026-08-20T18:00:00Z,trusted,0.0,34.7,0.1,Dry
2026-08-21,EV001,CHI,Chicago,Model A,True,6,2026-08-21T08:00:00Z,2026-08-21T18:00:00Z,trusted,0.0,21.5,0.0,Dry
2026-08-21,EV002,CHI,Chicago,Model B,True,6,2026-08-21T08:00:00Z,2026-08-21T18:00:00Z,trusted,40.12,21.5,0.0,Dry
2026-08-21,EV003,CHI,Chicago,Model A,True,6,2026-08-21T08:00:00Z,2026-08-21T18:00:00Z,trusted,63.46,21.5,0.0,Dry
2026-08-21,EV004,CHI,Chicago,Model B,True,6,2026-08-21T08:00:00Z,2026-08-21T18:00:00Z,trusted,72.57,21.5,0.0,Dry
2026-08-21,EV005,CHI,Chicago,Model A,True,6,2026-08-21T08:00:00Z,2026-08-21T18:00:00Z,trusted,58.96,21.5,0.0,Dry
2026-08-21,EV006,CHI,Chicago,Model B,True,6,2026-08-21T08:00:00Z,2026-08-21T18:00:00Z,trusted,53.96,21.5,0.0,Dry
2026-08-21,EV007,CHI,Chicago,Model A,True,6,2026-08-21T08:00:00Z,2026-08-21T18:00:00Z,trusted,53.61,21.5,0.0,Dry
2026-08-21,EV008,CHI,Chicago,Model B,True,6,2026-08-21T08:00:00Z,2026-08-21T18:00:00Z,trusted,53.92,21.5,0.0,Dry
2026-08-21,EV009,CHI,Chicago,Model A,True,6,2026-08-21T08:00:00Z,2026-08-21T18:00:00Z,trusted,51.85,21.5,0.0,Dry
2026-08-21,EV010,CHI,Chicago,Model B,True,6,2026-08-21T08:00:00Z,2026-08-21T18:00:00Z,trusted,47.38,21.5,0.0,Dry
2026-08-21,EV011,CHI,Chicago,Model A,True,6,2026-08-21T08:00:00Z,2026-08-21T18:00:00Z,trusted,57.18,21.5,0.0,Dry
2026-08-21,EV012,CHI,Chicago,Model B,True,6,2026-08-21T08:00:00Z,2026-08-21T18:00:00Z,trusted,0.0,21.5,0.0,Dry
2026-08-21,EV013,DAL,Dallas,Model A,True,6,2026-08-21T08:00:00Z,2026-08-21T18:00:00Z,trusted,0.0,34.6,0.3,Dry
2026-08-21,EV014,DAL,Dallas,Model B,True,6,2026-08-21T08:00:00Z,2026-08-21T18:00:00Z,trusted,46.37,34.6,0.3,Dry
2026-08-21,EV015,DAL,Dallas,Model A,True,6,2026-08-21T08:00:00Z,2026-08-21T18:00:00Z,trusted,45.65,34.6,0.3,Dry
2026-08-21,EV016,DAL,Dallas,Model B,True,6,2026-08-21T08:00:00Z,2026-08-21T18:00:00Z,trusted,54.37,34.6,0.3,Dry
2026-08-21,EV017,DAL,Dallas,Model A,True,6,2026-08-21T08:00:00Z,2026-08-21T18:00:00Z,trusted,0.0,34.6,0.3,Dry
2026-08-21,EV018,DAL,Dallas,Model B,True,6,2026-08-21T08:00:00Z,2026-08-21T18:00:00Z,trusted,56.38,34.6,0.3,Dry
2026-08-21,EV019,DAL,Dallas,Model A,True,6,2026-08-21T08:00:00Z,2026-08-21T18:00:00Z,trusted,0.0,34.6,0.3,Dry
2026-08-21,EV020,DAL,Dallas,Model B,True,6,2026-08-21T08:00:00Z,2026-08-21T18:00:00Z,trusted,44.41,34.6,0.3,Dry
2026-08-21,EV021,DAL,Dallas,Model A,True,6,2026-08-21T08:00:00Z,2026-08-21T18:00:00Z,trusted,47.95,34.6,0.3,Dry
2026-08-21,EV022,DAL,Dallas,Model B,True,6,2026-08-21T08:00:00Z,2026-08-21T18:00:00Z,trusted,50.91,34.6,0.3,Dry
2026-08-21,EV023,DAL,Dallas,Model A,True,6,2026-08-21T08:00:00Z,2026-08-21T18:00:00Z,trusted,45.31,34.6,0.3,Dry
2026-08-21,EV024,DAL,Dallas,Model B,True,6,2026-08-21T08:00:00Z,2026-08-21T18:00:00Z,trusted,52.95,34.6,0.3,Dry
2026-08-22,EV001,CHI,Chicago,Model A,True,6,2026-08-22T08:00:00Z,2026-08-22T18:00:00Z,trusted,53.45,22.1,1.3,Wet
2026-08-22,EV002,CHI,Chicago,Model B,True,6,2026-08-22T08:00:00Z,2026-08-22T18:00:00Z,trusted,44.9,22.1,1.3,Wet
2026-08-22,EV003,CHI,Chicago,Model A,True,6,2026-08-22T08:00:00Z,2026-08-22T18:00:00Z,trusted,69.35,22.1,1.3,Wet
2026-08-22,EV004,CHI,Chicago,Model B,True,6,2026-08-22T08:00:00Z,2026-08-22T18:00:00Z,trusted,53.21,22.1,1.3,Wet
2026-08-22,EV005,CHI,Chicago,Model A,True,6,2026-08-22T08:00:00Z,2026-08-22T18:00:00Z,trusted,0.0,22.1,1.3,Wet
2026-08-22,EV006,CHI,Chicago,Model B,True,6,2026-08-22T08:00:00Z,2026-08-22T18:00:00Z,trusted,57.19,22.1,1.3,Wet
2026-08-22,EV007,CHI,Chicago,Model A,True,6,2026-08-22T08:00:00Z,2026-08-22T18:00:00Z,trusted,74.48,22.1,1.3,Wet
2026-08-22,EV008,CHI,Chicago,Model B,True,6,2026-08-22T08:00:00Z,2026-08-22T18:00:00Z,trusted,69.5,22.1,1.3,Wet
2026-08-22,EV009,CHI,Chicago,Model A,True,6,2026-08-22T08:00:00Z,2026-08-22T18:00:00Z,trusted,0.0,22.1,1.3,Wet
2026-08-22,EV010,CHI,Chicago,Model B,True,6,2026-08-22T08:00:00Z,2026-08-22T18:00:00Z,trusted,0.0,22.1,1.3,Wet
2026-08-22,EV011,CHI,Chicago,Model A,True,6,2026-08-22T08:00:00Z,2026-08-22T18:00:00Z,trusted,48.35,22.1,1.3,Wet
2026-08-22,EV012,CHI,Chicago,Model B,True,6,2026-08-22T08:00:00Z,2026-08-22T18:00:00Z,trusted,52.93,22.1,1.3,Wet
2026-08-22,EV013,DAL,Dallas,Model A,True,6,2026-08-22T08:00:00Z,2026-08-22T18:00:00Z,trusted,53.17,34.8,0.0,Dry
2026-08-22,EV014,DAL,Dallas,Model B,True,6,2026-08-22T08:00:00Z,2026-08-22T18:00:00Z,trusted,60.8,34.8,0.0,Dry
2026-08-22,EV015,DAL,Dallas,Model A,True,6,2026-08-22T08:00:00Z,2026-08-22T18:00:00Z,trusted,46.3,34.8,0.0,Dry
2026-08-22,EV016,DAL,Dallas,Model B,True,6,2026-08-22T08:00:00Z,2026-08-22T18:00:00Z,trusted,56.66,34.8,0.0,Dry
2026-08-22,EV017,DAL,Dallas,Model A,True,6,2026-08-22T08:00:00Z,2026-08-22T18:00:00Z,trusted,64.02,34.8,0.0,Dry
2026-08-22,EV018,DAL,Dallas,Model B,True,6,2026-08-22T08:00:00Z,2026-08-22T18:00:00Z,trusted,0.0,34.8,0.0,Dry
2026-08-22,EV019,DAL,Dallas,Model A,True,6,2026-08-22T08:00:00Z,2026-08-22T18:00:00Z,trusted,0.0,34.8,0.0,Dry
2026-08-22,EV020,DAL,Dallas,Model B,True,6,2026-08-22T08:00:00Z,2026-08-22T18:00:00Z,trusted,58.69,34.8,0.0,Dry
2026-08-22,EV021,DAL,Dallas,Model A,True,6,2026-08-22T08:00:00Z,2026-08-22T18:00:00Z,trusted,46.39,34.8,0.0,Dry
2026-08-22,EV022,DAL,Dallas,Model B,True,6,2026-08-22T08:00:00Z,2026-08-22T18:00:00Z,trusted,45.09,34.8,0.0,Dry
2026-08-22,EV023,DAL,Dallas,Model A,True,6,2026-08-22T08:00:00Z,2026-08-22T18:00:00Z,trusted,53.14,34.8,0.0,Dry
2026-08-22,EV024,DAL,Dallas,Model B,True,6,2026-08-22T08:00:00Z,2026-08-22T18:00:00Z,trusted,59.11,34.8,0.0,Dry
2026-08-23,EV001,CHI,Chicago,Model A,True,6,2026-08-23T08:00:00Z,2026-08-23T18:00:00Z,trusted,59.37,20.6,0.3,Dry
2026-08-23,EV002,CHI,Chicago,Model B,True,6,2026-08-23T08:00:00Z,2026-08-23T18:00:00Z,trusted,49.76,20.6,0.3,Dry
2026-08-23,EV003,CHI,Chicago,Model A,True,6,2026-08-23T08:00:00Z,2026-08-23T18:00:00Z,trusted,0.0,20.6,0.3,Dry
2026-08-23,EV004,CHI,Chicago,Model B,True,6,2026-08-23T08:00:00Z,2026-08-23T18:00:00Z,trusted,58.53,20.6,0.3,Dry
2026-08-23,EV005,CHI,Chicago,Model A,True,6,2026-08-23T08:00:00Z,2026-08-23T18:00:00Z,trusted,43.14,20.6,0.3,Dry
2026-08-23,EV006,CHI,Chicago,Model B,True,6,2026-08-23T08:00:00Z,2026-08-23T18:00:00Z,trusted,61.22,20.6,0.3,Dry
2026-08-23,EV007,CHI,Chicago,Model A,True,6,2026-08-23T08:00:00Z,2026-08-23T18:00:00Z,trusted,0.0,20.6,0.3,Dry
2026-08-23,EV008,CHI,Chicago,Model B,True,6,2026-08-23T08:00:00Z,2026-08-23T18:00:00Z,trusted,43.17,20.6,0.3,Dry
2026-08-23,EV009,CHI,Chicago,Model A,True,6,2026-08-23T08:00:00Z,2026-08-23T18:00:00Z,trusted,66.57,20.6,0.3,Dry
2026-08-23,EV010,CHI,Chicago,Model B,True,6,2026-08-23T08:00:00Z,2026-08-23T18:00:00Z,trusted,49.28,20.6,0.3,Dry
2026-08-23,EV011,CHI,Chicago,Model A,True,6,2026-08-23T08:00:00Z,2026-08-23T18:00:00Z,trusted,0.0,20.6,0.3,Dry
2026-08-23,EV012,CHI,Chicago,Model B,True,6,2026-08-23T08:00:00Z,2026-08-23T18:00:00Z,trusted,64.0,20.6,0.3,Dry
2026-08-23,EV013,DAL,Dallas,Model A,True,6,2026-08-23T08:00:00Z,2026-08-23T18:00:00Z,trusted,43.25,35.3,0.5,Dry
2026-08-23,EV014,DAL,Dallas,Model B,True,6,2026-08-23T08:00:00Z,2026-08-23T18:00:00Z,trusted,51.9,35.3,0.5,Dry
2026-08-23,EV015,DAL,Dallas,Model A,True,6,2026-08-23T08:00:00Z,2026-08-23T18:00:00Z,trusted,60.18,35.3,0.5,Dry
2026-08-23,EV016,DAL,Dallas,Model B,True,6,2026-08-23T08:00:00Z,2026-08-23T18:00:00Z,trusted,45.17,35.3,0.5,Dry
2026-08-23,EV017,DAL,Dallas,Model A,True,6,2026-08-23T08:00:00Z,2026-08-23T18:00:00Z,trusted,0.0,35.3,0.5,Dry
2026-08-23,EV018,DAL,Dallas,Model B,True,6,2026-08-23T08:00:00Z,2026-08-23T18:00:00Z,trusted,53.92,35.3,0.5,Dry
2026-08-23,EV019,DAL,Dallas,Model A,True,6,2026-08-23T08:00:00Z,2026-08-23T18:00:00Z,trusted,54.81,35.3,0.5,Dry
2026-08-23,EV020,DAL,Dallas,Model B,True,6,2026-08-23T08:00:00Z,2026-08-23T18:00:00Z,trusted,0.0,35.3,0.5,Dry
2026-08-23,EV021,DAL,Dallas,Model A,True,6,2026-08-23T08:00:00Z,2026-08-23T18:00:00Z,trusted,41.51,35.3,0.5,Dry
2026-08-23,EV022,DAL,Dallas,Model B,True,6,2026-08-23T08:00:00Z,2026-08-23T18:00:00Z,trusted,49.94,35.3,0.5,Dry
2026-08-23,EV023,DAL,Dallas,Model A,True,6,2026-08-23T08:00:00Z,2026-08-23T18:00:00Z,trusted,43.34,35.3,0.5,Dry
2026-08-23,EV024,DAL,Dallas,Model B,True,6,2026-08-23T08:00:00Z,2026-08-23T18:00:00Z,trusted,61.15,35.3,0.5,Dry
2026-08-24,EV001,CHI,Chicago,Model A,True,6,2026-08-24T08:00:00Z,2026-08-24T18:00:00Z,trusted,44.36,19.4,0.0,Dry
2026-08-24,EV002,CHI,Chicago,Model B,True,6,2026-08-24T08:00:00Z,2026-08-24T18:00:00Z,trusted,56.94,19.4,0.0,Dry
2026-08-24,EV003,CHI,Chicago,Model A,True,6,2026-08-24T08:00:00Z,2026-08-24T18:00:00Z,trusted,0.0,19.4,0.0,Dry
2026-08-24,EV004,CHI,Chicago,Model B,True,6,2026-08-24T08:00:00Z,2026-08-24T18:00:00Z,trusted,47.83,19.4,0.0,Dry
2026-08-24,EV005,CHI,Chicago,Model A,True,6,2026-08-24T08:00:00Z,2026-08-24T18:00:00Z,trusted,44.33,19.4,0.0,Dry
2026-08-24,EV006,CHI,Chicago,Model B,True,6,2026-08-24T08:00:00Z,2026-08-24T18:00:00Z,trusted,0.0,19.4,0.0,Dry
2026-08-24,EV007,CHI,Chicago,Model A,True,6,2026-08-24T08:00:00Z,2026-08-24T18:00:00Z,trusted,41.9,19.4,0.0,Dry
2026-08-24,EV008,CHI,Chicago,Model B,True,6,2026-08-24T08:00:00Z,2026-08-24T18:00:00Z,trusted,53.3,19.4,0.0,Dry
2026-08-24,EV009,CHI,Chicago,Model A,True,6,2026-08-24T08:00:00Z,2026-08-24T18:00:00Z,trusted,68.58,19.4,0.0,Dry
2026-08-24,EV010,CHI,Chicago,Model B,True,6,2026-08-24T08:00:00Z,2026-08-24T18:00:00Z,trusted,52.23,19.4,0.0,Dry
2026-08-24,EV011,CHI,Chicago,Model A,True,6,2026-08-24T08:00:00Z,2026-08-24T18:00:00Z,trusted,65.55,19.4,0.0,Dry
2026-08-24,EV012,CHI,Chicago,Model B,True,6,2026-08-24T08:00:00Z,2026-08-24T18:00:00Z,trusted,61.96,19.4,0.0,Dry
2026-08-24,EV013,DAL,Dallas,Model A,True,6,2026-08-24T08:00:00Z,2026-08-24T18:00:00Z,trusted,62.5,36.4,0.0,Dry
2026-08-24,EV014,DAL,Dallas,Model B,True,6,2026-08-24T08:00:00Z,2026-08-24T18:00:00Z,trusted,59.31,36.4,0.0,Dry
2026-08-24,EV015,DAL,Dallas,Model A,True,6,2026-08-24T08:00:00Z,2026-08-24T18:00:00Z,trusted,66.03,36.4,0.0,Dry
2026-08-24,EV016,DAL,Dallas,Model B,True,6,2026-08-24T08:00:00Z,2026-08-24T18:00:00Z,trusted,63.58,36.4,0.0,Dry
2026-08-24,EV017,DAL,Dallas,Model A,True,6,2026-08-24T08:00:00Z,2026-08-24T18:00:00Z,trusted,41.82,36.4,0.0,Dry
2026-08-24,EV018,DAL,Dallas,Model B,True,6,2026-08-24T08:00:00Z,2026-08-24T18:00:00Z,trusted,0.0,36.4,0.0,Dry
2026-08-24,EV019,DAL,Dallas,Model A,True,6,2026-08-24T08:00:00Z,2026-08-24T18:00:00Z,trusted,59.37,36.4,0.0,Dry
2026-08-24,EV020,DAL,Dallas,Model B,True,6,2026-08-24T08:00:00Z,2026-08-24T18:00:00Z,trusted,64.05,36.4,0.0,Dry
2026-08-24,EV021,DAL,Dallas,Model A,True,6,2026-08-24T08:00:00Z,2026-08-24T18:00:00Z,trusted,58.82,36.4,0.0,Dry
2026-08-24,EV022,DAL,Dallas,Model B,True,6,2026-08-24T08:00:00Z,2026-08-24T18:00:00Z,trusted,61.93,36.4,0.0,Dry
2026-08-24,EV023,DAL,Dallas,Model A,True,6,2026-08-24T08:00:00Z,2026-08-24T18:00:00Z,trusted,69.74,36.4,0.0,Dry
2026-08-24,EV024,DAL,Dallas,Model B,True,6,2026-08-24T08:00:00Z,2026-08-24T18:00:00Z,trusted,46.42,36.4,0.0,Dry
2026-08-25,EV001,CHI,Chicago,Model A,True,6,2026-08-25T08:00:00Z,2026-08-25T18:00:00Z,trusted,79.48,20.2,0.0,Dry
2026-08-25,EV002,CHI,Chicago,Model B,True,6,2026-08-25T08:00:00Z,2026-08-25T18:00:00Z,trusted,0.0,20.2,0.0,Dry
2026-08-25,EV003,CHI,Chicago,Model A,True,6,2026-08-25T08:00:00Z,2026-08-25T18:00:00Z,trusted,70.56,20.2,0.0,Dry
2026-08-25,EV004,CHI,Chicago,Model B,True,6,2026-08-25T08:00:00Z,2026-08-25T18:00:00Z,trusted,0.0,20.2,0.0,Dry
2026-08-25,EV005,CHI,Chicago,Model A,True,6,2026-08-25T08:00:00Z,2026-08-25T18:00:00Z,trusted,53.07,20.2,0.0,Dry
2026-08-25,EV006,CHI,Chicago,Model B,True,6,2026-08-25T08:00:00Z,2026-08-25T18:00:00Z,trusted,54.82,20.2,0.0,Dry
2026-08-25,EV007,CHI,Chicago,Model A,True,6,2026-08-25T08:00:00Z,2026-08-25T18:00:00Z,trusted,0.0,20.2,0.0,Dry
2026-08-25,EV008,CHI,Chicago,Model B,True,6,2026-08-25T08:00:00Z,2026-08-25T18:00:00Z,trusted,50.75,20.2,0.0,Dry
2026-08-25,EV009,CHI,Chicago,Model A,True,6,2026-08-25T08:00:00Z,2026-08-25T18:00:00Z,trusted,47.98,20.2,0.0,Dry
2026-08-25,EV010,CHI,Chicago,Model B,True,6,2026-08-25T08:00:00Z,2026-08-25T18:00:00Z,trusted,53.88,20.2,0.0,Dry
2026-08-25,EV011,CHI,Chicago,Model A,True,6,2026-08-25T08:00:00Z,2026-08-25T18:00:00Z,trusted,46.46,20.2,0.0,Dry
2026-08-25,EV012,CHI,Chicago,Model B,True,6,2026-08-25T08:00:00Z,2026-08-25T18:00:00Z,trusted,58.44,20.2,0.0,Dry
2026-08-25,EV013,DAL,Dallas,Model A,True,6,2026-08-25T08:00:00Z,2026-08-25T18:00:00Z,trusted,50.59,34.8,0.2,Dry
2026-08-25,EV014,DAL,Dallas,Model B,True,6,2026-08-25T08:00:00Z,2026-08-25T18:00:00Z,trusted,0.0,34.8,0.2,Dry
2026-08-25,EV015,DAL,Dallas,Model A,True,6,2026-08-25T08:00:00Z,2026-08-25T18:00:00Z,trusted,56.46,34.8,0.2,Dry
2026-08-25,EV016,DAL,Dallas,Model B,True,6,2026-08-25T08:00:00Z,2026-08-25T18:00:00Z,trusted,45.94,34.8,0.2,Dry
2026-08-25,EV017,DAL,Dallas,Model A,True,6,2026-08-25T08:00:00Z,2026-08-25T18:00:00Z,trusted,50.57,34.8,0.2,Dry
2026-08-25,EV018,DAL,Dallas,Model B,True,6,2026-08-25T08:00:00Z,2026-08-25T18:00:00Z,trusted,0.0,34.8,0.2,Dry
2026-08-25,EV019,DAL,Dallas,Model A,True,6,2026-08-25T08:00:00Z,2026-08-25T18:00:00Z,trusted,0.0,34.8,0.2,Dry
2026-08-25,EV020,DAL,Dallas,Model B,True,6,2026-08-25T08:00:00Z,2026-08-25T18:00:00Z,trusted,49.69,34.8,0.2,Dry
2026-08-25,EV021,DAL,Dallas,Model A,True,6,2026-08-25T08:00:00Z,2026-08-25T18:00:00Z,trusted,49.05,34.8,0.2,Dry
2026-08-25,EV022,DAL,Dallas,Model B,True,6,2026-08-25T08:00:00Z,2026-08-25T18:00:00Z,trusted,37.98,34.8,0.2,Dry
2026-08-25,EV023,DAL,Dallas,Model A,True,6,2026-08-25T08:00:00Z,2026-08-25T18:00:00Z,trusted,56.52,34.8,0.2,Dry
2026-08-25,EV024,DAL,Dallas,Model B,True,6,2026-08-25T08:00:00Z,2026-08-25T18:00:00Z,trusted,64.34,34.8,0.2,Dry
2026-08-26,EV001,CHI,Chicago,Model A,True,6,2026-08-26T08:00:00Z,2026-08-26T18:00:00Z,trusted,59.4,22.8,2.6,Wet
2026-08-26,EV002,CHI,Chicago,Model B,True,6,2026-08-26T08:00:00Z,2026-08-26T18:00:00Z,trusted,69.01,22.8,2.6,Wet
2026-08-26,EV003,CHI,Chicago,Model A,True,6,2026-08-26T08:00:00Z,2026-08-26T18:00:00Z,trusted,0.0,22.8,2.6,Wet
2026-08-26,EV004,CHI,Chicago,Model B,True,6,2026-08-26T08:00:00Z,2026-08-26T18:00:00Z,trusted,62.9,22.8,2.6,Wet
2026-08-26,EV005,CHI,Chicago,Model A,True,6,2026-08-26T08:00:00Z,2026-08-26T18:00:00Z,trusted,74.35,22.8,2.6,Wet
2026-08-26,EV006,CHI,Chicago,Model B,True,6,2026-08-26T08:00:00Z,2026-08-26T18:00:00Z,trusted,57.48,22.8,2.6,Wet
2026-08-26,EV007,CHI,Chicago,Model A,True,6,2026-08-26T08:00:00Z,2026-08-26T18:00:00Z,trusted,62.25,22.8,2.6,Wet
2026-08-26,EV008,CHI,Chicago,Model B,True,6,2026-08-26T08:00:00Z,2026-08-26T18:00:00Z,trusted,52.6,22.8,2.6,Wet
2026-08-26,EV009,CHI,Chicago,Model A,True,6,2026-08-26T08:00:00Z,2026-08-26T18:00:00Z,trusted,53.75,22.8,2.6,Wet
2026-08-26,EV010,CHI,Chicago,Model B,True,6,2026-08-26T08:00:00Z,2026-08-26T18:00:00Z,trusted,46.97,22.8,2.6,Wet
2026-08-26,EV011,CHI,Chicago,Model A,True,6,2026-08-26T08:00:00Z,2026-08-26T18:00:00Z,trusted,53.24,22.8,2.6,Wet
2026-08-26,EV012,CHI,Chicago,Model B,True,6,2026-08-26T08:00:00Z,2026-08-26T18:00:00Z,trusted,59.5,22.8,2.6,Wet
2026-08-26,EV013,DAL,Dallas,Model A,True,6,2026-08-26T08:00:00Z,2026-08-26T18:00:00Z,trusted,46.18,33.8,1.3,Wet
2026-08-26,EV014,DAL,Dallas,Model B,True,6,2026-08-26T08:00:00Z,2026-08-26T18:00:00Z,trusted,57.06,33.8,1.3,Wet
2026-08-26,EV015,DAL,Dallas,Model A,True,6,2026-08-26T08:00:00Z,2026-08-26T18:00:00Z,trusted,56.54,33.8,1.3,Wet
2026-08-26,EV016,DAL,Dallas,Model B,True,6,2026-08-26T08:00:00Z,2026-08-26T18:00:00Z,trusted,57.43,33.8,1.3,Wet
2026-08-26,EV017,DAL,Dallas,Model A,True,6,2026-08-26T08:00:00Z,2026-08-26T18:00:00Z,trusted,49.23,33.8,1.3,Wet
2026-08-26,EV018,DAL,Dallas,Model B,True,6,2026-08-26T08:00:00Z,2026-08-26T18:00:00Z,trusted,64.32,33.8,1.3,Wet
2026-08-26,EV019,DAL,Dallas,Model A,True,6,2026-08-26T08:00:00Z,2026-08-26T18:00:00Z,trusted,49.66,33.8,1.3,Wet
2026-08-26,EV020,DAL,Dallas,Model B,True,6,2026-08-26T08:00:00Z,2026-08-26T18:00:00Z,trusted,56.1,33.8,1.3,Wet
2026-08-26,EV021,DAL,Dallas,Model A,True,6,2026-08-26T08:00:00Z,2026-08-26T18:00:00Z,trusted,0.0,33.8,1.3,Wet
2026-08-26,EV022,DAL,Dallas,Model B,True,6,2026-08-26T08:00:00Z,2026-08-26T18:00:00Z,trusted,51.82,33.8,1.3,Wet
2026-08-26,EV023,DAL,Dallas,Model A,True,6,2026-08-26T08:00:00Z,2026-08-26T18:00:00Z,trusted,67.83,33.8,1.3,Wet
2026-08-26,EV024,DAL,Dallas,Model B,True,6,2026-08-26T08:00:00Z,2026-08-26T18:00:00Z,trusted,54.84,33.8,1.3,Wet
2026-08-27,EV001,CHI,Chicago,Model A,True,6,2026-08-27T08:00:00Z,2026-08-27T18:00:00Z,trusted,47.62,22.5,0.7,Dry
2026-08-27,EV002,CHI,Chicago,Model B,True,6,2026-08-27T08:00:00Z,2026-08-27T18:00:00Z,trusted,48.61,22.5,0.7,Dry
2026-08-27,EV003,CHI,Chicago,Model A,True,6,2026-08-27T08:00:00Z,2026-08-27T18:00:00Z,trusted,55.18,22.5,0.7,Dry
2026-08-27,EV004,CHI,Chicago,Model B,True,6,2026-08-27T08:00:00Z,2026-08-27T18:00:00Z,trusted,58.81,22.5,0.7,Dry
2026-08-27,EV005,CHI,Chicago,Model A,True,6,2026-08-27T08:00:00Z,2026-08-27T18:00:00Z,trusted,0.0,22.5,0.7,Dry
2026-08-27,EV006,CHI,Chicago,Model B,True,6,2026-08-27T08:00:00Z,2026-08-27T18:00:00Z,trusted,0.0,22.5,0.7,Dry
2026-08-27,EV007,CHI,Chicago,Model A,True,6,2026-08-27T08:00:00Z,2026-08-27T18:00:00Z,trusted,67.13,22.5,0.7,Dry
2026-08-27,EV008,CHI,Chicago,Model B,True,6,2026-08-27T08:00:00Z,2026-08-27T18:00:00Z,trusted,67.92,22.5,0.7,Dry
2026-08-27,EV009,CHI,Chicago,Model A,True,6,2026-08-27T08:00:00Z,2026-08-27T18:00:00Z,trusted,72.01,22.5,0.7,Dry
2026-08-27,EV010,CHI,Chicago,Model B,True,6,2026-08-27T08:00:00Z,2026-08-27T18:00:00Z,trusted,49.71,22.5,0.7,Dry
2026-08-27,EV011,CHI,Chicago,Model A,True,6,2026-08-27T08:00:00Z,2026-08-27T18:00:00Z,trusted,0.0,22.5,0.7,Dry
2026-08-27,EV012,CHI,Chicago,Model B,True,6,2026-08-27T08:00:00Z,2026-08-27T18:00:00Z,trusted,63.69,22.5,0.7,Dry
2026-08-27,EV013,DAL,Dallas,Model A,True,6,2026-08-27T08:00:00Z,2026-08-27T18:00:00Z,trusted,59.77,32.1,0.9,Dry
2026-08-27,EV014,DAL,Dallas,Model B,True,6,2026-08-27T08:00:00Z,2026-08-27T18:00:00Z,trusted,0.0,32.1,0.9,Dry
2026-08-27,EV015,DAL,Dallas,Model A,True,6,2026-08-27T08:00:00Z,2026-08-27T18:00:00Z,trusted,58.77,32.1,0.9,Dry
2026-08-27,EV016,DAL,Dallas,Model B,True,6,2026-08-27T08:00:00Z,2026-08-27T18:00:00Z,trusted,0.0,32.1,0.9,Dry
2026-08-27,EV017,DAL,Dallas,Model A,True,6,2026-08-27T08:00:00Z,2026-08-27T18:00:00Z,trusted,54.04,32.1,0.9,Dry
2026-08-27,EV018,DAL,Dallas,Model B,True,6,2026-08-27T08:00:00Z,2026-08-27T18:00:00Z,trusted,72.02,32.1,0.9,Dry
2026-08-27,EV019,DAL,Dallas,Model A,True,6,2026-08-27T08:00:00Z,2026-08-27T18:00:00Z,trusted,0.0,32.1,0.9,Dry
2026-08-27,EV020,DAL,Dallas,Model B,True,6,2026-08-27T08:00:00Z,2026-08-27T18:00:00Z,trusted,49.43,32.1,0.9,Dry
2026-08-27,EV021,DAL,Dallas,Model A,True,6,2026-08-27T08:00:00Z,2026-08-27T18:00:00Z,trusted,51.12,32.1,0.9,Dry
2026-08-27,EV022,DAL,Dallas,Model B,True,6,2026-08-27T08:00:00Z,2026-08-27T18:00:00Z,trusted,61.01,32.1,0.9,Dry
2026-08-27,EV023,DAL,Dallas,Model A,True,6,2026-08-27T08:00:00Z,2026-08-27T18:00:00Z,trusted,0.0,32.1,0.9,Dry
2026-08-27,EV024,DAL,Dallas,Model B,True,6,2026-08-27T08:00:00Z,2026-08-27T18:00:00Z,trusted,47.61,32.1,0.9,Dry
2026-08-28,EV001,CHI,Chicago,Model A,True,6,2026-08-28T08:00:00Z,2026-08-28T18:00:00Z,trusted,55.04,22.5,0.4,Dry
2026-08-28,EV002,CHI,Chicago,Model B,True,6,2026-08-28T08:00:00Z,2026-08-28T18:00:00Z,trusted,34.11,22.5,0.4,Dry
2026-08-28,EV003,CHI,Chicago,Model A,True,6,2026-08-28T08:00:00Z,2026-08-28T18:00:00Z,trusted,56.06,22.5,0.4,Dry
2026-08-28,EV004,CHI,Chicago,Model B,True,6,2026-08-28T08:00:00Z,2026-08-28T18:00:00Z,trusted,42.58,22.5,0.4,Dry
2026-08-28,EV005,CHI,Chicago,Model A,True,6,2026-08-28T08:00:00Z,2026-08-28T18:00:00Z,trusted,51.52,22.5,0.4,Dry
2026-08-28,EV006,CHI,Chicago,Model B,True,6,2026-08-28T08:00:00Z,2026-08-28T18:00:00Z,trusted,59.02,22.5,0.4,Dry
2026-08-28,EV007,CHI,Chicago,Model A,True,6,2026-08-28T08:00:00Z,2026-08-28T18:00:00Z,trusted,53.72,22.5,0.4,Dry
2026-08-28,EV008,CHI,Chicago,Model B,True,6,2026-08-28T08:00:00Z,2026-08-28T18:00:00Z,trusted,45.39,22.5,0.4,Dry
2026-08-28,EV009,CHI,Chicago,Model A,True,6,2026-08-28T08:00:00Z,2026-08-28T18:00:00Z,trusted,54.94,22.5,0.4,Dry
2026-08-28,EV010,CHI,Chicago,Model B,True,6,2026-08-28T08:00:00Z,2026-08-28T18:00:00Z,trusted,48.75,22.5,0.4,Dry
2026-08-28,EV011,CHI,Chicago,Model A,True,6,2026-08-28T08:00:00Z,2026-08-28T18:00:00Z,trusted,54.18,22.5,0.4,Dry
2026-08-28,EV012,CHI,Chicago,Model B,True,6,2026-08-28T08:00:00Z,2026-08-28T18:00:00Z,trusted,47.28,22.5,0.4,Dry
2026-08-28,EV013,DAL,Dallas,Model A,True,6,2026-08-28T08:00:00Z,2026-08-28T18:00:00Z,trusted,30.31,32.6,0.0,Dry
2026-08-28,EV014,DAL,Dallas,Model B,True,6,2026-08-28T08:00:00Z,2026-08-28T18:00:00Z,trusted,44.68,32.6,0.0,Dry
2026-08-28,EV015,DAL,Dallas,Model A,True,6,2026-08-28T08:00:00Z,2026-08-28T18:00:00Z,trusted,50.04,32.6,0.0,Dry
2026-08-28,EV016,DAL,Dallas,Model B,True,6,2026-08-28T08:00:00Z,2026-08-28T18:00:00Z,trusted,51.57,32.6,0.0,Dry
2026-08-28,EV017,DAL,Dallas,Model A,True,6,2026-08-28T08:00:00Z,2026-08-28T18:00:00Z,trusted,46.22,32.6,0.0,Dry
2026-08-28,EV018,DAL,Dallas,Model B,True,6,2026-08-28T08:00:00Z,2026-08-28T18:00:00Z,trusted,39.69,32.6,0.0,Dry
2026-08-28,EV019,DAL,Dallas,Model A,True,6,2026-08-28T08:00:00Z,2026-08-28T18:00:00Z,trusted,54.85,32.6,0.0,Dry
2026-08-28,EV020,DAL,Dallas,Model B,True,6,2026-08-28T08:00:00Z,2026-08-28T18:00:00Z,trusted,54.52,32.6,0.0,Dry
2026-08-28,EV021,DAL,Dallas,Model A,True,6,2026-08-28T08:00:00Z,2026-08-28T18:00:00Z,trusted,0.0,32.6,0.0,Dry
2026-08-28,EV022,DAL,Dallas,Model B,True,6,2026-08-28T08:00:00Z,2026-08-28T18:00:00Z,trusted,50.85,32.6,0.0,Dry
2026-08-28,EV023,DAL,Dallas,Model A,True,6,2026-08-28T08:00:00Z,2026-08-28T18:00:00Z,trusted,62.77,32.6,0.0,Dry
2026-08-28,EV024,DAL,Dallas,Model B,True,6,2026-08-28T08:00:00Z,2026-08-28T18:00:00Z,trusted,0.0,32.6,0.0,Dry
2026-08-29,EV001,CHI,Chicago,Model A,True,6,2026-08-29T08:00:00Z,2026-08-29T18:00:00Z,trusted,57.06,22.3,0.0,Dry
2026-08-29,EV002,CHI,Chicago,Model B,True,6,2026-08-29T08:00:00Z,2026-08-29T18:00:00Z,trusted,0.0,22.3,0.0,Dry
2026-08-29,EV003,CHI,Chicago,Model A,True,6,2026-08-29T08:00:00Z,2026-08-29T18:00:00Z,trusted,60.38,22.3,0.0,Dry
2026-08-29,EV004,CHI,Chicago,Model B,True,6,2026-08-29T08:00:00Z,2026-08-29T18:00:00Z,trusted,0.0,22.3,0.0,Dry
2026-08-29,EV005,CHI,Chicago,Model A,True,6,2026-08-29T08:00:00Z,2026-08-29T18:00:00Z,trusted,36.04,22.3,0.0,Dry
2026-08-29,EV006,CHI,Chicago,Model B,True,6,2026-08-29T08:00:00Z,2026-08-29T18:00:00Z,trusted,69.91,22.3,0.0,Dry
2026-08-29,EV007,CHI,Chicago,Model A,True,6,2026-08-29T08:00:00Z,2026-08-29T18:00:00Z,trusted,52.47,22.3,0.0,Dry
2026-08-29,EV008,CHI,Chicago,Model B,True,6,2026-08-29T08:00:00Z,2026-08-29T18:00:00Z,trusted,59.26,22.3,0.0,Dry
2026-08-29,EV009,CHI,Chicago,Model A,True,6,2026-08-29T08:00:00Z,2026-08-29T18:00:00Z,trusted,55.78,22.3,0.0,Dry
2026-08-29,EV010,CHI,Chicago,Model B,True,6,2026-08-29T08:00:00Z,2026-08-29T18:00:00Z,trusted,45.59,22.3,0.0,Dry
2026-08-29,EV011,CHI,Chicago,Model A,True,6,2026-08-29T08:00:00Z,2026-08-29T18:00:00Z,trusted,55.59,22.3,0.0,Dry
2026-08-29,EV012,CHI,Chicago,Model B,True,6,2026-08-29T08:00:00Z,2026-08-29T18:00:00Z,trusted,56.02,22.3,0.0,Dry
2026-08-29,EV013,DAL,Dallas,Model A,True,6,2026-08-29T08:00:00Z,2026-08-29T18:00:00Z,trusted,0.0,33.2,0.2,Dry
2026-08-29,EV014,DAL,Dallas,Model B,True,6,2026-08-29T08:00:00Z,2026-08-29T18:00:00Z,trusted,46.2,33.2,0.2,Dry
2026-08-29,EV015,DAL,Dallas,Model A,True,6,2026-08-29T08:00:00Z,2026-08-29T18:00:00Z,trusted,57.81,33.2,0.2,Dry
2026-08-29,EV016,DAL,Dallas,Model B,True,6,2026-08-29T08:00:00Z,2026-08-29T18:00:00Z,trusted,0.0,33.2,0.2,Dry
2026-08-29,EV017,DAL,Dallas,Model A,True,6,2026-08-29T08:00:00Z,2026-08-29T18:00:00Z,trusted,58.71,33.2,0.2,Dry
2026-08-29,EV018,DAL,Dallas,Model B,True,6,2026-08-29T08:00:00Z,2026-08-29T18:00:00Z,trusted,51.73,33.2,0.2,Dry
2026-08-29,EV019,DAL,Dallas,Model A,True,6,2026-08-29T08:00:00Z,2026-08-29T18:00:00Z,trusted,44.17,33.2,0.2,Dry
2026-08-29,EV020,DAL,Dallas,Model B,True,6,2026-08-29T08:00:00Z,2026-08-29T18:00:00Z,trusted,0.0,33.2,0.2,Dry
2026-08-29,EV021,DAL,Dallas,Model A,True,6,2026-08-29T08:00:00Z,2026-08-29T18:00:00Z,trusted,55.8,33.2,0.2,Dry
2026-08-29,EV022,DAL,Dallas,Model B,True,6,2026-08-29T08:00:00Z,2026-08-29T18:00:00Z,trusted,54.69,33.2,0.2,Dry
2026-08-29,EV023,DAL,Dallas,Model A,True,6,2026-08-29T08:00:00Z,2026-08-29T18:00:00Z,trusted,66.3,33.2,0.2,Dry
2026-08-29,EV024,DAL,Dallas,Model B,True,6,2026-08-29T08:00:00Z,2026-08-29T18:00:00Z,trusted,50.07,33.2,0.2,Dry
2026-08-30,EV001,CHI,Chicago,Model A,True,6,2026-08-30T08:00:00Z,2026-08-30T18:00:00Z,trusted,57.35,23.0,9.0,Wet
2026-08-30,EV002,CHI,Chicago,Model B,True,6,2026-08-30T08:00:00Z,2026-08-30T18:00:00Z,trusted,55.04,23.0,9.0,Wet
2026-08-30,EV003,CHI,Chicago,Model A,True,6,2026-08-30T08:00:00Z,2026-08-30T18:00:00Z,trusted,74.53,23.0,9.0,Wet
2026-08-30,EV004,CHI,Chicago,Model B,True,6,2026-08-30T08:00:00Z,2026-08-30T18:00:00Z,trusted,54.26,23.0,9.0,Wet
2026-08-30,EV005,CHI,Chicago,Model A,True,6,2026-08-30T08:00:00Z,2026-08-30T18:00:00Z,trusted,73.79,23.0,9.0,Wet
2026-08-30,EV006,CHI,Chicago,Model B,True,6,2026-08-30T08:00:00Z,2026-08-30T18:00:00Z,trusted,60.79,23.0,9.0,Wet
2026-08-30,EV007,CHI,Chicago,Model A,True,6,2026-08-30T08:00:00Z,2026-08-30T18:00:00Z,trusted,56.32,23.0,9.0,Wet
2026-08-30,EV008,CHI,Chicago,Model B,True,6,2026-08-30T08:00:00Z,2026-08-30T18:00:00Z,trusted,60.37,23.0,9.0,Wet
2026-08-30,EV009,CHI,Chicago,Model A,True,6,2026-08-30T08:00:00Z,2026-08-30T18:00:00Z,trusted,54.85,23.0,9.0,Wet
2026-08-30,EV010,CHI,Chicago,Model B,True,6,2026-08-30T08:00:00Z,2026-08-30T18:00:00Z,trusted,0.0,23.0,9.0,Wet
2026-08-30,EV011,CHI,Chicago,Model A,True,6,2026-08-30T08:00:00Z,2026-08-30T18:00:00Z,trusted,43.08,23.0,9.0,Wet
2026-08-30,EV012,CHI,Chicago,Model B,True,6,2026-08-30T08:00:00Z,2026-08-30T18:00:00Z,trusted,56.2,23.0,9.0,Wet
2026-08-30,EV013,DAL,Dallas,Model A,True,6,2026-08-30T08:00:00Z,2026-08-30T18:00:00Z,trusted,0.0,33.5,0.0,Dry
2026-08-30,EV014,DAL,Dallas,Model B,True,6,2026-08-30T08:00:00Z,2026-08-30T18:00:00Z,trusted,64.04,33.5,0.0,Dry
2026-08-30,EV015,DAL,Dallas,Model A,True,6,2026-08-30T08:00:00Z,2026-08-30T18:00:00Z,trusted,62.91,33.5,0.0,Dry
2026-08-30,EV016,DAL,Dallas,Model B,True,6,2026-08-30T08:00:00Z,2026-08-30T18:00:00Z,trusted,49.47,33.5,0.0,Dry
2026-08-30,EV017,DAL,Dallas,Model A,True,6,2026-08-30T08:00:00Z,2026-08-30T18:00:00Z,trusted,77.36,33.5,0.0,Dry
2026-08-30,EV018,DAL,Dallas,Model B,True,6,2026-08-30T08:00:00Z,2026-08-30T18:00:00Z,trusted,71.04,33.5,0.0,Dry
2026-08-30,EV019,DAL,Dallas,Model A,True,6,2026-08-30T08:00:00Z,2026-08-30T18:00:00Z,trusted,44.28,33.5,0.0,Dry
2026-08-30,EV020,DAL,Dallas,Model B,True,6,2026-08-30T08:00:00Z,2026-08-30T18:00:00Z,trusted,47.36,33.5,0.0,Dry
2026-08-30,EV021,DAL,Dallas,Model A,True,6,2026-08-30T08:00:00Z,2026-08-30T18:00:00Z,trusted,39.49,33.5,0.0,Dry
2026-08-30,EV022,DAL,Dallas,Model B,True,6,2026-08-30T08:00:00Z,2026-08-30T18:00:00Z,trusted,57.78,33.5,0.0,Dry
2026-08-30,EV023,DAL,Dallas,Model A,True,6,2026-08-30T08:00:00Z,2026-08-30T18:00:00Z,trusted,38.13,33.5,0.0,Dry
2026-08-30,EV024,DAL,Dallas,Model B,True,6,2026-08-30T08:00:00Z,2026-08-30T18:00:00Z,trusted,39.54,33.5,0.0,Dry
